"Facebook","TXT组合超话 【200302 脸书】官方脸书更新 放学后活动（18/26）"
"Facebook","&quot;脸书”和“推特”的政治立场不要听公司自己说，只要看他们的实际行动就知道了。“推特”居然将一些说布隆伯格好话的账号关闭了，网上众多吹捧川P的账号反而安然无事。小札更是跟川P打得火热，已经到了去白宫参加私宴和川P密谋的程度了。川P给大公司和极富阶层减税，看来对准了他们的软肋，因为很多这 ... 全文"
"Facebook","AB6IX超话 现在韩国青瓦台上对于韩国演艺人员海外演唱会和粉丝见面会进行延期或取消的請願，只要动手按同意就行，看要登推特，奶味还是咖透，脸书都行 我传的连结是不用翻，但登入帐号需要翻 文中大意就是现在日韩的状况 所以觉得就算戴口罩或者量体温也可能防范不到 所以请愿延期或取消海外活动 ... 全文"
"Facebook","#C罗# 如果你叫C罗，那么发一条推特就可以让你的钱包多出一笔巨款。根据国外著名数据网站Opendorse的计算，C罗每条推特的收益在足坛高居第一。 目前，C罗在INS上拥有2.04亿粉丝，推特上有8270万粉丝，脸书上有1.26亿粉丝，加起来超过4亿粉丝关注了葡萄牙巨星。而利用如此庞大的粉丝群体，C罗展开了非常 ... 全文"
"Facebook","邓伦超话 #邓伦香蜜沉沉烬如霜# 刚刚，百度资讯指数统计出2017—2019年十大霸屏爆剧，其中邓伦主演的《香蜜沉沉烬如霜》，以绝对实力强势斩获top2！ 当然，并不止如此，来看看这些图，权威数据告诉你，邓伦的《香蜜》到底有多?? ！ P2/因为《香蜜》，邓伦成为中国男流量脸书越南主页点赞数top2！ ... 全文"
"Facebook","#全球华人团结起来# 很多朋友说，脸书举报没有油管有用，具体原因如下 这是台煤自己报道的 那么我们怎么运用这个报道呢 关键是要让全球其他华人，告诉他们华人脸书的控制权是它们掌握的 再加上你的举办他们不采纳 这一联系起来就是证据详实的实锤 你有什么海外渠道就发到什么海外渠道，也可以做一个吹 ... 全文"
"Facebook","#孙杨遭禁赛8年# 想要当霍顿的舔狗，麻烦去脸书、推特上面舔，在微博上舔得再厉害，霍顿也瞅不见。 还有所谓的“路人、明白人”不要随便扯着宁泽涛的旗子出来diss孙杨，麻烦做个人，明明是自己内心丑恶，在网络上随意宣泄自己的恶意却还要拉扯上宁泽涛，这种行为和古代的山匪有什么区别？古代的山 ... 全文"
"Facebook","#泰国事儿# 【“泰”冷漠 公交车司机不为老人停车引热议】泰国网报道，2月27日据泰媒消息，泰国某脸书用户上传了一段1名老奶奶苦等公交车，但没有公交车司机愿意停车让她上车的视频。该脸书博主表示，没有人愿意为这名老奶奶停下车，老奶奶告诉博主现在没有车愿意接老人了，司机只愿接年轻人。博主遂志 ... 全文"
"Facebook","#泰国事儿# 【阿努廷：泰国面临国内传播风险，患者切勿瞒报】泰国网报道，2月26日，泰国副总理兼公共卫生部长阿努廷在脸书账号针对新冠疫情形势发布相关帖子。帖子大意为：尽管泰国新增2例治愈回家的新冠肺炎患者，但又新增加了200例疑似病例，疫情形势仍不乐观。此外，泰国还新增了3例确诊病例，累计确 ... 全文"
"Facebook","王杰超话 #爱与梦 杰声飘扬# @王杰 现在的心情有喜有悲，喜 因为知道杰哥来微博了，悲 因为杰哥已经七年没有在脸书上线. 杰哥是不是忘记密码了？ 不要紧，可以在看一个新户口呀！海外无法开微博的杰友还在默默地等着杰哥呢！到时记得要通知哦！世界各地杰友们痴痴地期望这一天的到来 ... 全文"
"Facebook","#网络迷踪# 风格很独特，我觉得全片的关键在于她爸通过不停的点击忘记密码发送验证码到不同的邮箱，最终猜对了一个邮箱的密码才能登录她女儿的脸书推特和ins，这事要搁我身上我就一直用一个邮箱，并且我设置的密码感觉我爸妈永远也猜不对 看来应该告诉他们我的锁屏密码，好歹可以短信验证码 ... 全文"
"Facebook","吴青峰超话 —  2020.02.23 今天，我的心透过窗口，带着我的祝福藉由同一片天空，飞到了台北小巨蛋。隔着浅浅却又遥远的海峡，送去我深深的爱。 ?? 谢谢 @米蘭Lan_0518 帮我买到了票（虽然在脸书刚刚已经先po文感谢过了  但还是要在这里再啰嗦一遍：） ?? 还不知道帮忙代领票卡和打卡ID的姐 ... 全文"
"Facebook","许魏洲超话 脸书上发现的 洲洲意大利粉丝们的应援站子 简介说两位意大利白粥开的主页，想让更多的人看到自己喜欢的爱豆 看到将近五千人的follow很震惊 谢谢她们的应援 不知道她们能不能看到 Hello Italian fans, Thank you so much for your support ... 全文"
"Facebook","#银儿读书# #书店日记# 2月22日，星期六 今天，有个在脸书上关注我们的用户来店里买书。她和她男朋友想搬到这儿来住，我无意听到她细声说：“别说傻话，不然他会贴到脸书上去的。”晚点我得写她几句坏话。四年前给书店申请脸书账号的时候，我看了一圈其他这么做了的书店。发的内容好像大部分很无聊， ... 全文"
"Facebook","张艺兴超话 #制作人张艺兴# 【官方推特/网站/INS/脸书更新 - 艺兴VirginFest演出】 @努力努力再努力x VirginFest 刚公布了今年音乐会的演出名单 惊喜发现艺兴也在名单上 音乐会会在20年6月6&amp;7号在洛杉矶举行 门票已开售 有兴趣的朋友们可以准备一下（官方售票网站今天刚好是107天倒数哦 V ... 全文"
"Facebook","#知乎# 龙应台一到店，所有喝酒的人便都看着她笑，有的叫道，“龙应台，你脸书上又添笑话了！” 她不回答，对柜里说，“温两碗酒，要一个花园里的鸡蛋。”便排出几大篇文章。 他们又故意的高声嚷道，“你一定又在搞台独了！” 龙应台睁大眼睛说，“你怎么这样凭空污人清白……” “什么清白？我前 ... 全文"
"Facebook","#祖父千諾# #堪布竹清仁波切# 臉書有個不錯的功能，提醒我們某年的今天都做了什麼。 四年前去尼泊爾拜見堪布仁波切，那時候仁波切已經示現金剛乘的殊勝禁行幾年了，平日裡幾乎是不說話。 那天和我的老師喇嘛滇巴去見仁波切，喇嘛向仁波波介紹我，然後提到了我們在台灣和大陸，設立道場辦教育，推廣 ... 全文"
"Facebook","(这个视频经典的讲述了，脸书的千人千面的新闻流 news feeds 把每个人都孤立在特别为每个人打造的人工智能虚拟现实中，意思是每个人都以为看到了丰富的世界和真相，实际是一个算法操控的世界和真相。这也就是微e博，微e信e和今e日e头e条的运作机理，背后操控你的是算法或者其它人 )Zucked: Early Faceb ... 全文"
"Facebook","?? 2017年11月，美国堪萨斯大学剧场上演了一出VR版戏剧《犀牛》，剧本把尤涅斯库的荒诞派巨著与美国当下政府鼓吹的口号巧妙地结合，小公业务员贝兰吉整场扣着一顶”让美国再次伟大”的红色帽子，在生活中时不时插入当下流媒体的消息，尤其是游戏化的特朗普形象使用推特、脸书等媒介发表言论的情节， ... 全文"
"Facebook","???????????? ???????????? ??最近混迹在脸书的Gillio小组里，发现很多有意思的东西，学到一个词叫“Patina”，Patina是Gillio本子的一种“现象”，也就是传说中的“包浆”，真皮本随着使用和岁月流逝，在表面会形成一种光泽，我这里收集了一些小组成员发布的Patina前后对比图 ... 全文"
"Facebook","??空间不要赞，请你尽情“踩”～ ★ #MrCongの青葱岁月# 现在的社交平台无论是微博、微信，还是推特、脸书，对朋友表示喜欢的方式都是“??点赞”。而在十多年前，如果你想给朋友“点赞”，那么你要“反其道而行之”，当你进入到朋友的???? @QQ空间 后，你需要留下脚步“踩”空间～那时候，很多同学放 ... 全文"
"Facebook","1. 是的 完全不一样 风格不太一样 2. 1扣扣，1+微信，1+微博 「以前是吧微博当小号的，但后面由于知道的人越来愈多 」（脸书和ins也各有两个账号，主要是第一个都找不到 被迫再注册 ） 至于小号的内容 各种风格都有 3. 发过……哎，年少无知呀 ... 全文"
"Facebook","9岁的Quaden身患侏儒症，因为饱受他人的欺凌每一天想着结束自己的生命，妈妈痛心无奈下在脸书上拍下这个让人心寒的视频~ 随后狼叔 #Hugh Jackman# 和杰弗里·迪恩·摩根 #Jeffrey Dean Morgan# 等等了解到事情后，马上录制视频声援支持Quaden，并呼吁大家要善良对待身边的人！ 爱所有人，信任少许人，勿伤 ... 全文"
"Facebook","合集系列——当狗子们去迪士尼 #facebook# #脸书搬运# #萌宠# #可爱# #搞笑趣事# #轻松一刻# #迪士尼# 视频转自Facebook: Pets Story 全球脑洞总部的微博视频"
"Facebook","琼梁超话 Cr: 琼梁臉書 更換頭像的可愛琼梁，並新增了4張照片，還有一張粉絲在留言處加的 #自心# #琼梁#"
"Facebook","teamperaya超话 七台相关的脸书主页发布了七台和狮子有合作剧的在洽谈，如果没有意外将很快和大家见面。评论区有很多粉丝在问，回复为在谈。这次七台都直接出来发布消息了，真的是很好的机会，只希望鸡妈妈做一次人。 PS：七台是泰国最大的电视台，有军方背景，国民度非常高。"
"Facebook","早安，美好的一天就用辰之的腹肌說早安。 昨晚《四代目·大和辰之》 スカーレット??ベリ子老師於台北安利美特簽繪立板，想看更多老師的簽名會花絮紀錄，請追蹤東立臉書粉絲團喔！ 北大夏的微博视频"
"Facebook","韩国实行入境管制?? 2020.02.02. 16:00 更新 翻了一圈，都只提到济州岛&quot;将会&quot;禁止免签入境，济州自治道官方脸书2号新闻稿写到的是部门建议暂时中断，其他没有单独列出来的具体时间，或许默认全韩统一是 网页链接 2020.02.02  14:40 更新 ??济州岛免签入境暂时中止?? ??禁止两周内访 ... 全文"
"Facebook","??：之前走红的印度女孩Riya Sanyal 照片摄于2019年三月，印度的传统节日胡里节上，一位印度摄影师发觉了这双让人非常惊艳的眼睛并记录了下来。 当摄影师把女孩这组照片上传到脸书主页后,很快，这双会说话的笑眼和女孩天真的模样就在社交网络上传播了起来。"
"Facebook","「臉書」已成為民主制度最大威脅。 网页链接 台湾·新北市"
"Facebook","#吴尊# 脸书啊什么的，从来不玩，也不爱拍照！吴尊自爆太太很低调，不爱玩社交网站，真的很幸福啊！ 《星月对话》吴尊自爆太太很低调，不爱玩社交网站？"
"Facebook","Denis邓超话 Cr: Denis ins, fb 貼心蓮寶寫了英文在下方，因為現在臉書不能自動翻譯了(蓮寶重新編輯後變成...Nancy boy, ) 開心的蓮寶與可愛的狗狗 #自心# #denis邓#"
"Facebook","家国、离散、生死、不得已的万千个再见不见，在往时都是偶然中偶然，一念中一念。而半个多世纪过去，和平再度轮转为惘惘的威胁，流血警醒着热爱生活的人们，你们曾在脸书、推特上留下过的“咫尺之隔”的点滴，不经意的偶然便会成为众目睽睽的“海天之遥”。"
"Facebook","#武汉肺炎# #全国确诊新型肺炎病例# 《脸书将删除一些冠状病毒的阴谋论。  脸书正在严厉打击冠状病毒的谣言和阴谋论。检查人员将揭》黑客日在百度动态发表了新动态 网页链接"
"Facebook","Soros先生是不是小题大作？收费打政治广告这不很正常么？这种政治广告的影响力可以忽略，在美国不管谁上台执政不都一样？美国民众的生活会被改变多少？况且，脸书在美国是不可能“翻天”的，因为它受美国现行及可期的法规的框囿。在中国则是另一种景象，腾讯这样的“黄赌毒的平台”、“偷盗抢的温床” ... 全文"
"Facebook","學弟在臉書上曬十多年前雜誌的報導，想到十多年前也被男性雜誌華人之光接班人專題訪問過（羞）"
"Facebook","卞庆华超话 ?? #真心不卞x卞慶華# 公益活動裡卞哥跟小甜甜進行了一個小遊戲 是夾硬幣重量最重的勝出 但...最後還是輸了 聽說輸了會有懲罰喔 至於懲罰是什麼可以關注一下「紅心字會的臉書」 20191129 紅心字會關懷弱勢家庭公益記者會 @卞慶華andy staywithyou_619的微博视频"
"Facebook","黄伟晋超话 北极光-黄伟晋Wayne 20200202 伟晋脸书 转发一则 2020.2 Schedule @黄伟晋Wayne"
"Facebook","虽然国内很多地方取消了今天的婚姻登记办理，但2月2日给 #新版宛如我心# 剧组带来了最佳制片优秀男女主演的荣誉，真是未播先火，同时也看到和肯定了剧组两次赴日取景，促进泰日文化交流做出的努力。Japan EXPO2020颁奖仪式，新鲜热乎的图片送上。转自 杰西达邦超话 的脸书。"
"Facebook","没装 app 也可以直接用网页版， 油管、推特、IG（ins）、脸书都可以， 除了 IG 发文（不包括评论与点赞）需要有 app 以外。 （也就是所有空瓶都能透过网页操作） 附图是几个官方号。 P.S. 小道消息表示在上午 7:30 “之前”就会播出"
"Facebook","台湾网友在脸书上用口罩换取演唱会门票 你觉得可取吗"
"Facebook","脸书2泰铢买微信120泰铢卖 #口罩# #新型冠状病毒# 法国"
"Facebook","什麼時候開始害怕起來 害怕刷博  害怕新聞  害怕臉書 懸掛的那顆心如何安放 無法淡定  無法放肆  無法鬆懈 日本·京都"
"Facebook","刚看完脸书上推特上部分丑恶的讽刺的仇恨的的言论，再看到这个，太好哭了。我永远爱这片土地上勤劳勇敢 善良朴实的人们????"
"Facebook","初一到初十的漫長工作之旅，人家天天休息，我就天天工作。 微博與臉書玩小了很多哦。2020年要做一個有紀律的人。 哈哈...但我也不會退博啦。明白嗎?"
"Facebook","UP10TION超话 今日份脸书瞎逛中意图。 P1-P6  TOP祖传？？？？体内都有逗比细胞作祟？ P7   虽然糖不多但是我最磕的一对！！！ P8-P9坤的身材和笑脸简直了！！！"
"Facebook","几乎一模一样的想法，但是我甚至不知道在哪里表达。朋友圈，危险，谁知道有没有无意间加到喜欢举报的人忘了屏蔽；微博，怕了小将们秋后算账；脸书，上面没几个人可以理解我们的苦闷。前几天同学甚至提都没遇到新冠，还在关心美国大选。如果英语加密，又成了在给一个已经充满认同的极小圈子看。"
"Facebook","在臉書看到這個商品??再看到上面說哇這個商品太棒了現在我需要一群寶寶組織的軍隊來擦地板了 #搞笑# 台湾·台北"
"Facebook","Stephen King quits Facebook over concerns of 'false information' 网页链接 恐怖小说大师斯蒂芬·金退脸书了"
"Facebook","#instagram# 都是最新版本安装包，ins，twitter，脸书，weverse,油管安装包"
"Facebook","姜丹尼尔超话 ?? #姜丹尼尔mexicana炸鸡代言# 【MEXICANA sns转赞评任务 】 —————————————————— 不能落下炸鸡霸霸 【 网页链接 】 推 【 网页链接 】 脸书 ?? 评论分享都带上大名TAG →  #???????? ?? 务必完成点赞 / 评 ... 全文"
"Facebook","要是嗲赵是我男朋友…别说发朋友圈了，我一定QQ微信微博绿洲ins推特脸书全球社交媒体平台同步推广让全世界知道 （我又在对着电脑屏幕的赵医生啧啧感叹）"
"Facebook","发布了头条文章：《范玮琪两度道歉不管用！脸书遭恶毒留言洗版，品牌、专辑也被抵制》 范玮琪两度道歉不管用！脸书遭恶毒留言洗版，品牌、专辑也被抵制"
"Facebook","EXO超话 看看孩子吧，有姐妹，知道这是什么情况吗 我有脸书登不上s榜"
"Facebook","讲个美国笑话。某位在脸书发这图以炼铜瑟秦理由被封号"
"Facebook","反对派议员抹黑港警“未参与抗疫、贪生怕死”，郭嘉铨斥：内容失实，误导市民 #香港# 环球网报道】据港媒报道，香港立法会反对派议员日前在直播中以“黑警”称呼香港警队，并声称警方囤积口罩等防疫装备、“贪生怕死”云云。对此，香港警方16日晚间在脸书发文表示，严正澄清立法会议员针对香港警察的失 ... 全文"
"Facebook","● 金門遙望厦門 via. 臉書ID：烈嶼映像（圖3-18）、 高樓迷厦門版（圖1-2） #厦门城建#"
"Facebook","李泽言超话 #恋与制作人同人# #恋与制作人# -臉書轉載- “雖然現在是拍攝，但有天我會讓這場婚禮成真” 官方出卡新卡的速度越來越快了 Σ (??Д??;) （？ 不過中式婚禮這個坑我還是想繼續填補完( 畫師 @凜舞REKU 网页链接"
"Facebook","如果看多了脸书、推特，你就知道，不要幻想能说服湾湾。文明只对文明人才能产生最大的效果。同样，逻辑的力量也有限，它只局限于相信逻辑的人。而逻辑并不是湾湾的必需品，他们可以只靠偏见与迷信生存。"
"Facebook","德国老外够坏的： 德国佬先怼美国，表示支持中国： “我相信傅主任，华为不会破坏言论度，南方小渔村事件与华为无关。 国统区允许所有私人媒体进入，宣传推翻政府的新华日报也进入了。如果解放区也能做到，允许脸书、德国之声、BBC等私人媒体进入，那傅主任的话就更加可信了”。 说 ... 全文"
"Facebook","#巴萨雇佣公关公司诋毁球员# 来看欧洲球队如何雇佣水军，西甲豪门巴塞罗那最近被西班牙塞尔电台曝光了一桩糗事，俱乐部合作伙伴I3 Venture旗下多个脸书自媒体账号组成了巴萨球迷主页生态圈（Ecosistema Fan Page FCB），也就是巴萨的网络水军。 这个圈子的账号会负责巴萨的一些形象公关，当然有时候也 ... 全文"
"Facebook","一位台湾的宅男在脸书上分享的自己房间的照片"
"Facebook","佐藤健超话 终于弄好line了！ 发现用脸书登陆巨快，大家可以试试 然后集美们，要不要加个line好友鸭！"
"Facebook","刘文正超话 ???? #我永远的巨星偶像# 脸书转发。 电影 “ 跳躍的爱情 ”又名“ 爱情爆米花” Cr. Tam Chew Chew FB 马来西亚"
"Facebook","PurpleRain超话 ???? 梁智完超话 ?? 贝斯金河镇超话 ?? 蔡甫熏超话 ???? 李罗宇超话 ?? 郑光现超话 ?? 超级乐队超话 【官方】200218 紫雨官方INS&amp;推特&amp;脸书更新一则： [NOTICE] PURPLE RAIN V LIVE OPEN?? 首! 播! ?? ??日期: 2月 20日 (四) PM 8 ?? ... 全文"
"Facebook","防弹少年团超话 #郑号锡[超话]# #郑号锡0218生日快乐# 【200218脸书官方贺图】[HOBI生日粗卡]一闪一闪发光的阿米和J-Hope一起度过的时光?? 翻译:雨妍 微管:毛利"
"Facebook","BrightWin超话 #2gethertheseries# 脸书直播中~ 集美们快去看~他们太可爱了！刚好截到了可爱的片段?? 网页链接"
"Facebook","再次声明，外网所有用我头像的账号都是盗用，我在推特，脸书都是用的化名，也没有用自己的头像 （我要潜伏，我要打入敌人内部，就是这么傲娇）"
"Facebook","内容引起舒适：森美的脸书评论区被网友攻陷，一排排评论全是骂他的"
"Facebook","#阳光普照# #刘冠廷# 宝藏男孩刘冠廷 （图片来自脸书和ins，侵删）"
"Facebook","为招揽更多学员，和蛮诗人妹子摆拍了一下……互相加了脸书然后发现老爷爷是海岸巡逻队的还参加铁人三项赛……这才真是一个偏好地形“水域”的游侠吧！"
"Facebook","2020/02/18 華貴臉書截圖&amp;影片截圖 孙协志超话"
"Facebook","想见你里这个桥段是不是抄袭了这是泰国积分卡 The 1 Card 的 10 周年广告「THE ONLY ONE」 《想见你》第二集中 黄雨萱翻看王诠胜的脸书主页 发现有个叫Vicky的女人曾经给自己的男朋友每个动态下点赞，由此发现他计划和自己求婚 但是男友去世后翻看社交软件 通过点赞发现男友计划和自己求婚 ... 全文"
"Facebook","表妹：「美美知道妳喜歡毛不易嗎？」 我：「很久沒有聯繫，我也沒提過，怎麼了？」 表妹：「妳沒看到她臉書嗎？她PO毛不易的MV一葷一素」 我突然一陣心酸，美美是我一位久違沒見的好朋友，她的母親在幾年前因病驟逝，突如其來的打擊讓她消極一陣子，後來她結婚生子，現在過得挺幸福。大概是歌手播出這 ... 全文"
"Facebook","杨幂超话 #杨幂肖砚# （涵阿姨搞了一个脸书的 所以我就搞一个ins的 ） 马来西亚 泰国 缅甸 越南 中国台湾 国内... 姐在ins的粉丝团真的好多啊 而且粉丝数也都挺多的 姐在海外也实?? @杨幂"
"Facebook","2020/02/18 協志臉書截圖 孙协志超话"
"Facebook","我tm看推特快气死了，上面一群港d，台d和一系列牧羊犬在那犬吠，骂也骂不过来，什么三观啊，非要当一只舔狗很爽吗，他妈骨灰天上飞扬了还是他们的外国爹给他们??舔了能值得他们这么高兴？我就是爱中国，一点坏话都听不得。 #港独# #推特脸书删近千账号# #抵制台独#"
"Facebook","#杨洋特战荣耀# #杨洋急先锋# @杨洋 杨洋 是我2019年最大的收获，谁还不是个打脸书粉了，杨洋叶修就是????！ 靠实力圈我！我一个只看起点文的人去年就看了这么一部电视剧！纯电竞就是好看，有些恶臭的淑芬就不要碰瓷儿大帅哥了！这部剧拍的很不错，有诚意有特效！我现在就是羊毛！ 不爱看 ... 全文"
"Facebook","@高以翔吧官方微博 @高以翔Godfrey 欢迎转发， 请注明出处，多谢 元味好生活 2014-11: 纪念帖 看图一, by 姚元浩 脸书 下面几张照片来自G的instagram 看来拍摄时间在2014年8月 而公视播出时间最早在2014年11月"
"Facebook","2020/02/19 協志臉書截圖 孙协志超话"
"Facebook","孙诗珮超话 茶心，好想好想看这一部据说很好看照片来源于李福庆脸书"
"Facebook","港警用脸书官号打脸曱甴。 近来反对派议员带领废青攻击警察，说是因为警察是医护口罩的8倍，导致医护装备不足所以罢工。我们不提一小时换一个口罩的护士，也不说一个人长4张嘴一天用16个口罩的医生。 就问你港警的这道小学生的数学题，会做吗？ 深圳小天超话"
"Facebook","朴有天超话 200219 sudsapda脸书视频封面更新 哥哥我可以！！"
"Facebook","江俊翰超话 【俊翰脸书更新】好不好吃，看我的簽名就知道了?????? 超級開心見到史黛西、小柄、曹景俊這些老朋友，每個人都平安健康就是最大的幸福，一起加油??????"
"Facebook","琼梁超话 Cr: 琼梁臉書 化妝品代言介紹影片 #自心# #琼梁# 蓮君傾心的微博视频"
"Facebook","萧敬腾超话 #萧敬腾回归歌手# 20200101 高雄技擊館籃球場 pt1 ［遠景篇］ 這場那些神奇的故事就不說了，雖然畫質有些遺憾但還是很認真的發了好大一波圖（臉書放了100p,不過好像微博這裡有零星幾張臉書其實沒有，有興趣再去看囉）這場在微博發四帖，從比較看不清楚老蕭的圖開始 （純粹求氣 ... 全文"
"Facebook","吴青峰超话 去不了但希望演出成功，平安順利?? (來源青峰臉書）"
"Facebook","国标舞女王刘真，媒体惊爆她因为心脏疾病住进医院，目前已经装上叶克膜，正在跟生命搏斗，刘真的先生辛龙，最近异常低调，只透过经纪人表示，刘真在做健康检查，不过一直没有出面证实，刘真病危的消息一传出，演艺圈都很震惊，因为上个月刘真还在直播当网红，完全看不出异状。 强哥每日资讯的微博视频"
"Facebook","KCL award脸书更新 “谢谢所有从KCL提名开始一直支持我和给我投票的粉丝。非常感谢。” 泰翻英：SimleOfyou_1912 Gr佳佳ace的微博视频"
"Facebook","臉書上面的年輕人仍然曬的是吃吃喝喝 #口罩# 到現在還是很多人相信儲存場所的不需要戴口罩嗎？真的相信就不會去排隊了，反正就是缺貨缺貨缺貨 #口罩# #疫情期间让你明白了什么# 一切看命運吧 台湾·台北"
"Facebook","“一个五六十年代的美国少女包里有什么” - 美国俄亥俄州北坎顿中学的储物箱缝隙中发现了一个女式皮包。 经过仔细检查，校方发现这个小包属于一位名叫 Patti Rumfola 的女性。很明显，这个包看起来已经遗失很久了。根据找到的资料，Patti 可能在五六十年代就读该校，丢失这个包时，她大约14岁。 北坎顿 ... 全文"
"Facebook","华晨宇超话 ?? 投票告急急急急急急!今天晚上24:00就截止了。 不要只投了一个hao就不投了，看看下图，你漏了哪个，千万不能浪费啊（有哪个不清楚的可以私我）（海外党的也有脸书等多种登录方式的，你们下载来看看） 如果都投完了，又弄不到新hao的火，希望可以帮忙转发和顶顶超 ... 全文"
"Facebook","彭千祐超话 你有什麼可豪橫的？ you one day day的微博不來，ig不管，臉書沒有。想幹啥啊，就說你想幹哈。 就仗著我喜歡你是不 @彭千祐 彭千祐1的微博视频"
"Facebook","今天我要向過去的自己道歉 很誠懇的道歉:過去的自己真的太稚嫩了 我竟然一直以為精神病人最多的地方是在精神病醫院?? !!!現在我才知道，我錯了，並且錯得相當的離譜，原來精神病人最多的地方不是在精神病醫院!!!是在微博（為什麼沒寫臉書和IG是因為那裡的精神病也 ... 全文"
"Facebook","#新冠肺炎已开始在日本流行# 额…原富士电视台现NHK编导的脸书[Emm]太长了来不及翻译～大意是“这个新冠病毒的死亡率比流感还低，但还是有些媒体搞些煽动让人心慌慌，他觉得不妥～” 今天正好去涩谷街访了，约一半年轻人都没戴口罩。他们是发自内心觉得这个病毒没那么可怕的……"
"Facebook","金路云超话 我太南了，有人知道推特脸书怎么注册吗？我真的是琢磨了一天了各种百度也没搜出个所以然，我都要被自己给蠢哭了，求集美们指路"
"Facebook","S.COUPS崔胜澈超话 ?? #酷崽时空隧道# 170224 官方脸书Friday Night Live 【饭制动图】 ????sunblossomyou"
"Facebook","微博刷着刷着回到脸书才发现自己??都快变。天了。 早上上班不一样种族和信仰的国人，还能在电梯里调侃那些??政治人物像在演闹剧一样。 班照上，工作照忙碌，而且还是在不知道什么时候要宣布改组内阁的会突然宣布大选还是假期 连这种荒唐的情况也不能打击我们这种小老百姓努力生活的意志。 ... 全文"
"Facebook","想见你超话 柯佳嬿:這是我的彩蛋 陳韻如莫俊傑熱舞???????? cr.柯佳嬿臉書 connie740的微博视频"
"Facebook","光剑超话 脸书用户Rich Lenoci??的水晶内购款像素刃Ben Solo光剑，壳子来自Phoenix Props"
"Facebook","脸书的首席运营官雪莉尔·桑德伯格要第三次结婚了。她学业事业真是一路开挂，平步青云，但她93年左右第一次离异，二婚后2015年又丧偶。好奇看了下她的生日，八字前三柱是己酉 壬申 乙亥。跟王菲的前三柱只差了一个字，王菲是乙卯日。"
"Facebook","半夜收到条阿拉伯语的脸书登录验证码。 我于是爬上脸书打算注销了这个号。 然后看到塔国小哥一月给我发的消息。 他说我来坡县啦，你去度假了没。 ...... 去特么的念念不忘必有回响。 你微信是忘记密码了吗旁友。 好的我已经装回Messenger了。"
"Facebook","IZONE超话 各位姐妹怎么注册油管脸书kakao账号啊！！！想登录genie和冠军秀都需要账号 急急急急急啊啊啊啊啊！！！！！姐妹们来救救我吧"
"Facebook","贺军翔超话 #被偶像翻牌的粉丝# 當然是我們暖心又珍惜粉絲心意的小美賀軍翔 @賀軍翔 囉！[給你小心心][給你小心心][給你小心心][給你小心心] （這些只是一部分，不包括臉書、IG的部分）"
"Facebook","PCS赛区在官方脸书发布了各队伍的定妆海报 该赛区将在2.29本周六开启线上赛 英雄联盟超话 #LOL# #游戏#"
"Facebook","因為得悉一位警員確診染上新冠肺炎，孔聖堂中學的署理副校長何栢欣立即在臉書上帖上這首藏頭詩： 「黑心唔係咁好 警察都係打份工 死左又幫到件事幾多呀？ 全部人齊心抗疫先有用 家人既支持都好緊要 一個確診姐 個個都開心到要開香檳 都唔明依家D人點解會咁 不如諗下點令香港好返啦 能否比少少人性呀 ... 全文"
"Facebook","莎拉布莱曼超话 莎拉脸书公布 #HYMN# 巡演场次预告，将会发布去美国的演出信息即将公布。 SarahBrightman超话 You've been waiting patiently ... and the time is almost here! Are you ready? ???? Stay tuned for an announcement coming very soon ..."
"Facebook","杜清清超话 视频来源钻石食品脸书， 总结经验下场比赛加油！ 原点02又圆又二的微博视频"
"Facebook","我好难 我觉得是脸书觉得我普通话不标准 不想我在上面给泰国人教汉语"
"Facebook","灰摩卡超话 就纳闷这几天怎么这么多媒体要来想让我们评论目前俄罗斯华人的状况，原来他们都是从灰摩卡脸书和VK上摸过来的，BBC和Медуза直接在VK留言????????这个世界真是乱。。。 俄罗斯联邦·莫斯科"
"Facebook","Zeesaint超话 ?? ?? #ZeeSaint# ???????????? 20200221 Whyru 爱的游戏直播全程 又是肆无忌惮，腻腻乎乎的????，果然新婚的就是不一样 ???????????? cr:WHYRUTheSerier 脸书 颜控拒绝丑陋的微博视频"
"Facebook","#金世正All of My Days# ?? #治愈笑颜金世正# 【代言】200224 crocs 官方脸书更新 手又是放在头上的 （转载请注明出处） 【0828生日应援】?? 网页链接 【金世正All of My Days】 金世正All of My Days 【金世正 隧道】 金世正 隧道 【金世正 花路】 金世正 花路"
"Facebook","#Drew Sarich# 23号萨里奇和Ivan在莫斯科Glastonberry的小型gig，一组非常绝的黑白组图来自伊万脸书组，毛子摄影技能绝壁点满了 美苏大佬组玩吹气球玩的十分欢乐 以及萨里奇的新吉他真特么好看啊"
"Facebook","#斯洛伐克总理发热呼吸道感染住院# 路透社援引斯洛伐克总理办公室声明称：该国总理佩列格里尼因呼吸道感染并发高烧住院，同时取消了原定23日参与的电视辩论行程（背景：斯洛伐克本月29日即将举行议会选举，之前根据调查，佩列格里尼所代表的政党在选举中处在不利的位置）。 佩列格里尼本人在脸书上更新 ... 全文"
"Facebook","带节奏谁不会啊 你们自己脸书作的妖都不承认了？来华捞钱，海南和台湾也给我们整丢了？一定要把失误上升到RH的话，确实没人比你们更明目张胆 @拜仁那些事儿"
"Facebook","今天這張圖片在臉書一些社團瘋傳 金門VS廈門 民主VS社會主義 這圖片也可代表目前台灣和中國大陸的差別 我只是平民百姓 不求大富大貴 只求三餐溫飽 和大陸比起來 台灣才是真正水深火熱的地獄 PS:今天同行的又一間工廠關閉 台灣只會越來越差..."
"Facebook","正泰超话 之前说TMA不能换账号投，但是我刚才试过了，亲测有效。 网页链接 开梯子登录投票 第一个号投完之后关掉梯子，开飞行模式，大概保持20秒左右，怕不保险可以适当延长 关掉飞行模式，梯子换一个路线，就可以切账号了。 kakao脸书推特微博都可以，每换一次账号重复上面操作就可以了 ... 全文"
"Facebook","外国网友发现1本出版于2008年的书籍，内容竟然提及2020年会爆发1场肺炎疾病，还指出它会攻击肺部和支气管，且更言及此疫情10年后还会再度发生，而写书的1名自称是灵媒的女作者已经在于2013年辞世，享寿77岁。 外国脸书粉专「黑色文明网路」（Black Civilisation Network）近期贴出1本书籍内页照片，该 ... 全文"
"Facebook","“我拥有的东西不多，但我相信我不会用我的生活方式去与任何东西交换；冲浪，我的生活方式，我的幸福；除了冲浪，我不知道任何其他的生活方式称得上奢侈。” 在脸书上看了比我大五岁的哥们斯格特发出的感言后，我抱起我的浪板就出了门。一个多月没下海了，前所未有的惭愧。"
"Facebook","有偶們~  請各位大大分享再分享麻煩囉~  微博新的更新同步在臉書，請大家多多關注感恩！"
"Facebook","这部剧我可以！片头片尾脸书界面很新颖，简直就是甜甜的日常！看了一点小说，攻真的又苏又撩啊！ 宠到上天！最主要的是两位颜值都超????先奶着嘻嘻 #泰剧假偶天成#"
"Facebook","看到是真的鬆了一口氣， 這次衛福部辛苦了， 只要一有新消息部長每天都要開記者會， 每天更新疫情進度，製作圖表解釋， 臉書跟line甚至隨時同步更新消息， 感謝所有第一線的所有醫療人員 大家一起加油！"
"Facebook","mewgulf超话 20200222 BDMeirtWithMew 臉書直播存檔 前面是小額募款Mew視角 中間有弟弟離開拿蛋糕進來全記錄 後面還有聯訪全程 這次的聯訪感覺很有趣 聽到昨晚慶生的tag、Chopper 還有情侶手環、情侶衣服， 以及第二季的事情。 期待中字！！ FB:Ture Inside HD SPACE9197的微博视频"
"Facebook","#新传读书日常# 互联网的使用非但没有增加社交活动，反而取代了它。人们变得更为与世隔绝，而且，也不肯靠与别人面对面接触来排解孤独，相反地，他们把更多的时间花费在了虚拟接触上。之后的研究也证实，过度使用脸书能造成不快乐和不稳定的自我感知。不过，在社交媒体带来的问题中，与世隔离只是一部分 ... 全文"
"Facebook","美国罗格斯大学区块链中心开发与市场营销主管带领团队加入Pi派项目，成为Pi派先锋，美国所有高校均会爆发式加入Pi派，就像脸书诞生之初！现在加入，你就是金字塔尖的那4% 《Pi Network最新注册认证指南》 网页链接"
"Facebook","终于找到了苹果和安卓都可以用的vp嗯恩v屁皮n啦！看了instagram注册教程原来脸书推特刷油管真的超级简单以后每天都可以追爱豆咯！超级好用的安卓iOS梯子还不会的姐妹们马起来咯！看评区自学戳???? ???? ????"
"Facebook","脸书的一则分享 三十五岁退休？那是不可能的"
"Facebook","笑死我了，我宝粉丝天天吹我宝粉丝全球第一，结果油管和脸书天天掉粉哈哈哈哈"
"Facebook","#Drew Sarich# 依然是萨里奇和Ivan的莫斯科con图，来自伊万脸书组，给毛子的圣光抓拍跪下 以及美苏大佬组你们注意点影响搂肩膀抓手手真的没眼看"
"Facebook","下雨天工作日老板心情不好助手顾着刷脸书天啊啊啊啊啊"
"Facebook","防弹少年团超话 艹气得我把推特下成了脸书"
"Facebook","今天， 我是一名「 派派派 」義工！ 剛剛回到家了。 #可到臉書看直播 #只能出一分綿力 #看到別人開心時 #施比受更為有福"
"Facebook","有位网友就在脸书上呼吁高雄市民，要冷静面对罢韩，希望市民们让韩国瑜做满四年，将会让你们看到不一样的高雄！并表示高雄未来将会“亮起来”！希望罢免案不要过。 贴文引来韩粉前来支持，直呼“唯一支持韩国瑜”、“韩国瑜来到高雄的这段期间，高雄真的改变了很多”、“路平、灯亮、水沟通”、“希望 ... 全文"
"Facebook","看到友人在FB分享这个暖心的故事,希望你们看到： 故事的开始是有一位网友晒出了两张讥讽的照片，这位胖胖的男子在派对上跟着音乐跳着舞，下一秒发现网友嘲笑地把镜头对准了他而自卑又尴尬的停下来。 对于这种霸凌和歧视，许多女性网友站了出来，发了一封寻找信，她们为他单独组织了一个派对，一共有1 ... 全文"
"Facebook","谁能想到我半夜不睡觉刷了俩小时老李的脸书…… ，绝对是因为无聊无聊再加上真的有点好奇，李总不光是果粉还是特斯拉粉，不仅关心民生用科学角度分析政治（关于他国出租车一些问题讨论了两三年了，还在继续…），还会因为将能在netflix看到宫崎骏动漫开心，真的很粉李晶恩（因为早晨看到她夺冠报 ... 全文"
"Facebook","EXO超话 8年老粉来报道！是真爱！不过因为一直注册不了油管，ins，脸书所以几乎是“白嫖”！我深知自己错了，不配是一个行星饭.爱丽，我来改正，愿自家人原谅！"
"Facebook","使者雷尔分享Sortez de la matrice的图片:想要用脸书(Facebook)唤醒人们,就像用垃圾分类和2台风车来拯救地球一样.你的意识是好的,但你在酝酿的是空谈....(这就是我刚刚在做的) ～托顿.奥比"
"Facebook","脸书是什么神仙存在，我刚看了看Frozen官页里那条情人节快乐的视频底下，清一色得都在吹ea，连个刷em的都没有。果然煞笔全在推特上吗？"
"Facebook","『不管情况多么窘迫，日本人不会把慌张写在脸上，表面总是从容冷静的。这亦是民族特性。可能与日本多发地震等自然灾害有关，日本人总是理性淡然应对灾害。为防备随时可能到来的大地震，日本的家庭里备有各种防灾用品。 脸书上的一位日本朋友说的一句话我很有同感：“最重要的不是如何阻止病毒进入日本 ... 全文"
"Facebook","意大利已经开始封城，这种做法心理扩散效果不容小觑。"
"Facebook","金泰亨超话 终于找到了Twitter 油管 ins 安卓ios instagram 安装包 注册 教程v屁皮n vpm很不错 超级好用的安卓iOS梯子 UNINE 金泰亨 李振宁 边伯贤exo 贾斯汀比伯 易烊千玺 水晶男孩 脸书 推特 真的超级简单以后每天都可以追蔡徐坤、陈立农、范丞丞、Justin黄明昊、林彦俊、朱正廷、王子异、小鬼王 ... 全文"
"Facebook","#Drew Sarich# 昨晚萨里奇和Ivan的莫斯科bro con，毛妹太强素材多的令人猝不及防 一半来自Ivan脸书组官图，一半来自毛妹ins图，萨里奇这次带着新吉他去嗨啦??美苏大佬组不仅有con有专属周边还有定制蛋糕"
"Facebook","这个姐姐好可爱哈哈哈哈哈哈 （虽然显示已经在脸书上岸了"
"Facebook","由于新冠肺炎的影响，伦巴第和维内托两个大区受到了比较大的影响，许多场比赛也都被推迟，包括国米主场对桑普的这场。 米兰市长萨拉在自己的脸书上谈到了关于关闭球场和延期比赛的话题，他表示： “有人问我是否应该关闭公共场所，是否应该关闭关闭学校。我觉得既然疫情来了，那么我们就不能低估它，所 ... 全文"
"Facebook","张韶涵超话 张女士更新脸书了"
"Facebook","金南俊超话 脸书更新专辑拍摄花絮 南俊相关 可塑性很强的小熊 从学霸乖宝宝小熊到黑暗堕天使小熊的叛变（x"
"Facebook","十几年前没买房后悔？专家揭台湾人陷慢速破产 华夏经纬网   2020-02-26 11:09:55 字号:小 大 点击看大图 华夏经纬网2月26日讯：据台湾《中时电子报》报道，房价问题在台湾一直无解，加上低利率环境资金摆在银行只会不断贬值，景文科技大学财务金融系副教授章定煊就在脸书表示，很多人讲十几年 ... 全文"
"Facebook","#城市追擊—香港# 好提议。可惜已经有曱甴在脸书说领了1万元用来抗争了。"
"Facebook","好像是脸书上放了点花絮 JetLag壹小时的微博视频"
"Facebook","王世坚的脸书特别为近日造他谣的言论辟谣，宣称要告网友，结果评论下面又被洗版了"
"Facebook","第一次听她叫麻麻~ 第一个反应就是想告诉全！世！界！ 然后脑子里全是白家老鼠我二哥 @高瀚宇KD 那首《check in》立刻录屏剪辑发到微博 微信 ins 推特 空间 脸书 大鱼 百家 今日头条上 话说一般你们都什么反应？ 高瀚宇超话 BJJ小学生大心儿的微博视频"
"Facebook","#小月亮漫天# 一闪一闪晶晶亮 七个简单快速的提高英语口语的方法！外教老师讲的这些方法，有些可以变通一下哦，比如上不了脸书可以用微博嘛，老师稍微有点印度口音哦~！ 秒拍视频 ."
"Facebook","大陆网友脸书钓鱼，说这是王世坚说的，王世坚气得发疯，欲状告大陆网友。 老铁，你太强了"
"Facebook","台灣臉書那邊的歌舞伎會長花了四小時跟我聊天並勸我想開，要我千萬別去日本，還是非常感動。我本來就不可能去的了，誰也受不了回來自主隔離14天。我只能祈禱這次的櫻姬快點安排電視播出。"
"Facebook","张本渝超话 來自本渝臉書 宣傳Day 2 今天大吃好料！?????? 燒盡腦汁????♀??"
"Facebook","早上在臉書上看到的影片，可見全世界口罩嚴重短缺所以丁字褲全新用途被發明了 #口罩# @阿里海牙科维奇 台湾·台北"
"Facebook","意大利伦巴第大区政府一号人物Attilio Fontana 主席刚刚在脸书上发表了4分多钟的讲话：伦巴第大区确诊人数已经升到305人，我的助理也已经确诊。我目前虽然还不确定，但我从现在开始就带口罩（他一面讲话，一面带上了口罩），马上进行自我隔离。 下次你们见到我的时候，我一定是这样带着 ... 全文"
"Facebook","#脸书禁发国难财防疫产品广告全部封锁# #全球新冠肺炎播报# 脸书禁发国难财！“防疫产品”广告全面封锁。关键字曝光！ 脸书（Facebook Inc）今天（27日）表示，在2019新型冠状病毒疫情爆发期间，他们将禁止所有声称能治疗或预防疫情的产品广告。 路透社报导，社交群媒体巨擘的脸书今天做这项宣布，时 ... 全文"
"Facebook","#新加坡总理# 夫人何晶之前在脸书表示，由于 #台湾禁止出口口罩# ，其中有家新加坡口罩公司（ST Engg）在台有两条生产线，主要生产医用N95口罩（成人）及儿童XS版口罩，将要移回新加坡，预计在二月底前在新加坡组装，三月投入生产 ， #台湾# 网友傻眼了。。。"
"Facebook","儒家？愚家？ 屈颖妍 小学课室里，陈小明上课时玩闪咭被老师逮个正着： 老师：「拿出来，没收，陈小明知唔知O依家上紧堂？上堂玩咩闪卡？」 小明：「唔系呀，闪卡唔系我??，我啱啱喺地下执到，正想问下系边个嘅，就俾你捉住了……」 老师：「你当我傻??？当我三岁呀？我教咗二十年书，咩大话未听 ... 全文"
"Facebook","约2周前新加坡总理夫人何晶在脸书表示，由于台湾下令禁止口罩出口，其中有家新加坡口罩公司（ST Engg）在台有两条生产线，主要生产医用N95口罩（成人）及儿童XS版口罩，将要移回新加坡，预计在二月底前在新加坡组装，三月投入生产。"
"Facebook","吴青峰超话 ?? 活在别人fb里的吴青峰 ?? Hebe叫他“宝贝儿阿轰” ?? 整个星群，无人不妈 ?? p4 哪双是崽崽的鞋 ?? Hebe都穿短袖了，崽还是乖乖穿长袖全副武装 ?? 养只旅行青蛙名叫“吴青峰” 图源 田馥甄Hebe脸书"
"Facebook","老余在接受外媒采访时表示国外流行的软件脸书、推特以及Ins等都会很快进入华为APPGallery 。"
"Facebook","一个个哭ao3，我就奇怪了你怎么不哭油管脸书p站，咋得只有ao3是你的净土呗 一个个骂肖战我就更想笑，你敢不敢指名道姓骂点别的，敢不敢"
"Facebook","那些觉得脸书上钓青蛙帖子不道德的圣母，麻烦看看人家可是动用正规媒体造谣内地疫情。 科普①图片上的是负压救护车，由于车内气压较低，所以空气只进不出，用于隔离病患，武汉缺少负压救护车，所以江西支援了一批。②焚烧尸体需要2000度高温的密闭火化室焚烧60分钟。 #天下之事# 深圳小天超话"
"Facebook","#泰国事儿# 【泰国学子戴口罩参加学位授予仪式彩排走红】泰国网报道，近期，世界多国出现确诊新冠病毒肺炎病例，泰国人民也纷纷觉醒，通过戴口罩、勤洗手保护自己。近日，泰国某脸书网友就上传了一张泰国某高校学子戴口罩参加学位授予仪式彩排，防控新冠病毒的照片，走红了网络。看了不少网友纷纷表示， ... 全文"
"Facebook","我都迷感了，今天一堆人骂墙？知道今天什么日子吗？今天是云南昆明火车站恐怖袭击六周年啊，就是你们爱的脸书推特促成了当年的恐怖袭击啊 我真的无语了"
"Facebook","嘴哥表示，脸书、Ins 、推特将很快出现在海外的华为应用市场中，接下来就要靠免费服务和技术优势干架了????"
"Facebook","刘谦超话 脸书那年今天的合影??"
"Facebook","呜呜呜~ 相赫不愧是李性可...啊啊啊啊啊好可爱啊！脸书的肉肉好可爱啊！"
"Facebook","我兔有大把历史教训，并且高瞻远瞩的水平比微博上的你我多得多了，事到如今，我就想问问有多少人觉得脸书推特还是禁了的好？"
"Facebook","真的就很搞笑哈，之前上课老师说你们大家玩什么社交软件，还没回答他就说肯定是脸书ins这类吧。这年头你不会翻，就是缺条腿。我忘了之前谁说的，一边不想让学术有障碍，一边又搬起石头建了起来。可笑的不行。"
"Facebook","在华为P40系列亮相之前，华为率先为海外带来了华为P40 Lite。其实就是国内的华为nova6 SE，后置四摄设计、华为40W超级快充等都是它的亮点。值得一提的是，华为P40 Lite在海外将会预置HMS服务，用户下载应用直接到华为AppGallery下载即可。而且，日前有消息称，推特、脸书、ins等一些热门海外应用都将登 ... 全文"
"Facebook","自从去脸书发了讲新冠病毒防护的视频，一直担心会不会讲得太重了，毕竟那些西语国家还没什么大事。但一刷微博看其他国家的情况，又觉得自己说得好像也不算太重"
"Facebook","《社交网络》 扎克伯格个人纪录片 目前为止看过最精彩的纪录片。 整个电影讲述了扎克伯格如何创造了脸书，当然，整个过程全是穿插中的回忆，现实是在扎克伯格打官司，与和最好的朋友，以及最开始要与他合作的人。 电影里卷西语数真的相当快了，像开了二倍速一样，不过这样的逻辑能力也符合扎克伯格这种 ... 全文"
"Facebook","脸书、INS、推特等软件将加入华为AppGallery 华为消费者业务首席执行官余承东表示，Facebook、Instagram、Twitter很快将登陆华为AppGallery 华为HMS+鸿蒙生态计划，未来可期！"
"Facebook","#朴智旻filter# ?? #朴智旻solo# 朴智旻（ParkJimin）队内担当主舞领唱??两年盖洛普队内第一??汤不热艺人年榜第一??官方认证Killingpart制造者??回归仅凭概念照上个人趋势Daumcafe热帖屠屏??个人Vlive五千万点击两亿爱心创纪录??日推脸书讨论量一骑绝尘??完美主义暖心天使??"
"Facebook","脸书的注册很好的让大家认识到了性别并非男或女 我也想说，这世界也不是非黑即白"
"Facebook","2020/02/27 協志臉書截圖 幫劉真老師集氣，加油?? 孙协志超话"
"Facebook","????剛剛在臉書上看到菲哥 菲哥很帥?? ?????????? 香港特区·碧沙別墅"
"Facebook","#heartsignal3# ①号以前开过油管发自己的旧金山日常，曾经在脸书任职工程师。听说声音有磁性、身材好、自律、并且会耐心回复网友的评论。"
"Facebook","微博和臉書都是能讓我越看越氣到爆炸的地方 微博是因為社會不公的地方太多 臉書是因為歧視問題太多 還是少耍點少刷為好"
"Facebook","我…………今天不敢关联推特脸书………… 我就做了一个账号 然后做贼一样打开tizi刷了一遍直拍 投了个票打卡一下"
"Facebook","真的有人觉得闹一闹有用么？ 脸书和INS还有snapchat被锁的时候没人闹过么？ 你以为11年到14年是万众一心地封强么？ 11年我暑假回国还能做一做作业到了13年基本什么都做不了了 到现在一步步走下去都是迟早的事 按照这个发展下去总有一天强内人不可在强外说话 你能做什么？ 你不过是根韭菜罢了 你 ... 全文"
"Facebook","我发现一件特别奇怪的事儿——推特、ins、脸书总是封禁、注销其他国家的账号——而新浪微博这位中国社交媒体大佬中的一员，却总是在封禁国内人的微博账号——一句话，我佛了！！！"
"Facebook","韩国新天地教会会长将接受新冠病毒检测，3月1日上午，首尔市长朴元淳在自己的脸书账号发布题为“新天地教总会长李万熙作为本次事件的核心责任人，请立即出面解决问题”的文章 韩国新天地教会会长将接受新冠病毒检测"
"Facebook","林俊杰超话 林距离超话 视频来源：林俊杰脸书 的林俊杰管理小号 给大家说件事 其实202001直播那天他开错号了，看视频和评论里的图。 我就问你 他憨不憨 林家小兔三岁的微博视频"
"Facebook","#糖的绘本# 今天白天自己看了好几本书，拿小扣子让爸爸讲，拿脸书让爷爷玩，沙发上的大熊，Maisy马桶那页。晚上书互动一般。爱你我的宝贝"
"Facebook","我下載了推特刷了一會，但裡面的內容讓我很噁心，會想罵人的衝動！我又拆卸了 以後再也不上了，比臉書更恐怖！簡直就是西方人製造仇恨的地方。 台湾·新北市"
"Facebook","我在脸书不知道评论了多少遍，如果生病的人，疫区回的都戴口罩的话健康人确实没必要戴口罩。问题是在法国这么多年都没见过一个人带过口罩，街上的人都健康吗？并不是！冬春到处打喷嚏咳嗽的人多了去了。看见熟人老说：我生病了，我不跟你贴面了。你知道你生病你跟我说话距离不超过50厘米，不贴面有毛用"
"Facebook","在臉書的那群笨蛋台獨蛆，還是不要得意太早，牠們以為把我的帳號，檢舉到永久停用就沒有事情了嗎？ 還有另外一件事情，在等著處罰牠們，不要太囂張了啦！"
"Facebook","大学的时候，还能用龟速的网络看油管上的视频，还能登录和人人网长得一样的脸书；前天晚上还能在看完ao3上的一篇文后意犹未尽地睡去；现在全都没了。"
"Facebook","最近看到昔日同事，即將轉職而在臉書發文，他的主題很明確就是跟前東家道別！ 道別其實是一門學問，很多人（包括我）都沒學會好好說再見，看著看著讓我好生羨慕，也不斷悔悟，因為我不是一個懂得說再見的人，卻始終上演避而不見。 我曾經在畢業後得到第一份，來自於學長介紹的工作，在我去了半天，午 ... 全文"
"Facebook","小月亮真的實慘 剛剛去臉書社團晃了一下，發現海米們緊張為毛深寶莫名上熱搜，根據他們的聯想再和時事及熱搜那條採訪內容一對比......得，這是被當槍使為了轉移焦點吧"
"Facebook","《炫耀文》慎入 感恩知心好友的誠摯祝福，不管是在臉書或透過其它通訊軟體。 感恩所有的相遇和陪伴， 感恩每個階段不同的自己， 願時光溫柔以待大家， 願大家身體健康 。 願時光能緩，美好如初，往事不提，餘生不將就。 歲月是一場有去無回的旅行， 好的壞的都是風景。 承蒙時光不棄， ... 全文"
"Facebook","KatDennings超话 啊啊啊啊，半夜睡不着还想看破产集美！ Max经典骂人语录太上头了。 我Kat 是什么神仙颜值啊。 多少年了，到娃娃脸颜值一直是上升！ 好久之前的图了。 话说女神在脸书上真的很放飞自我啊！"
"Facebook","之前看热闹笑死了，大晚上才知道平台被??的我？？？登了几年不咋上的脸书跟推特，对明星本人不怎么知道，肖战粉丝确实可以的啊，靠同人发家现在回头砸场子，粉丝行为还真的是正主买单，首页看见位装糊涂的在那洗……双删了先。"
"Facebook","真正見識到什麼叫「腦殘歡樂多」，從推特臉書到微博必不可少的腦殘群，我厭腦殘，別靠近我，謝謝。"
"Facebook","大约十年前我们也是能用脸书油管的，可能是时间有些久，我完全不记得有过‘’曾经能用‘’这回事。某剧有句台词总结得很好：They forgot. Because it worked."
"Facebook","突然各种社交app都开始想玩，从脸书到推特，从ins到pyq，最后从空间回到微博，竟错把浏览个人资料profile当社交了，说到底还是我一个人来来回回"
"Facebook","以前韩剧日剧美剧都是随便看的 电视台还会放国语版 ig推特脸书也是随你登录 网页论坛写文也不会被屏蔽"
"Facebook","又想到晚饭时候和妈妈说起这几天乱七八糟这些事，原来她都不知道推和脸书被墙了十年了。 唉，好难受啊，正是因为我能清晰地感受到管控的缩紧，我才更加焦急、无力、冲动。我谈不清自己到底对墙内外都是什么感情，只是胸口郁结一口气，出不去也咽不下。"
"Facebook","别的我不知道，微博的瓜看的差不多了?大批xz粉丝，维护偶像可以理解。。为什么去推特脸书外网平台带节奏，大致的意思:国内言论不自由，歧视同性，迫害xz，不是你们举报ao3连带晋江也倒霉怎么去了外网就变成中国歧视同性了，PG One的事没有教训的么，还这样，真的你们这么做非但帮不了你们偶像。还容易 ... 全文"
"Facebook","#外国人永久居留管理条例# 如今之国人微博 前时之黄尸脸书 昔日之red卫袖章 不反对即不爱国 不控评即不理智 多少年去 小人且又嚣张 甚是感叹 希望国人看清风向，悬崖勒马，回头是岸。"
"Facebook","推特脸书到底为什么被墙？ 包庇恐怖分子，这个理由足够了吗？"
"Facebook","#黄秋生# 我现在在脸书看到他的推送就烦，垃圾一个"
"Facebook","《脸书》主题曲《年轮》 航天利伟高中的微博视频"
"Facebook","没想到这个病毒的梗被人用漫画给还原出来了.... （作者脸书 @rexkoofeelblue ）"
"Facebook","#和杨紫宅一起# #杨紫代言真我手机# #杨紫代言妮维雅# 如果我能擁有超能力，一定要把你心裡的暗角點亮，把怪獸打跑 @杨紫 ?? @小猴紫日志 @杨紫官方后援会 @杨紫吧官微 Cr.臉書fossil"
"Facebook","#想见你# 许光汉 柯佳嬿 施柏宇 颜毓麟 无水印 图源许光汉ins＆脸书"
"Facebook","#全球华人团结起来# 脸书的好消息 刚刚收到一条评论 iamchenxiaolun：回复 @十月蟋蟀 :这样啊，那还是支持的，在脸书上也可以举报，前几天STR的一个武汉肺炎歌曲被删帖了，现在评论区里台湾人都在跳脚"
"Facebook","微博真是好大一片滋生畸形人际关系、仇恨与对立、无脑人斗殴犯罪的土壤，妖魔鬼怪在这里都找到归宿，很多人叫它渣浪，咒骂它的言论生态，但是却也找不到一个能代替它的平台。我有时想，要是没有微博，可能就没有这些破事了。但是脸书推特上也有种族歧视，也有沙文主义，也有仇男厌女的人。就算没有网络 ... 全文"
"Facebook","张艺兴超话 #张艺兴ck全球代言人# 【CK官方脸书发布艺兴单人广告】 @努力努力再努力x CK官方Facebook也发布艺兴单人广告啦 这是要全平台宣布的节奏吗"
"Facebook","临摹了一幅画虽然临摹得一般 发到ins同步脸书 结果被系主任看到，告诉我不能用照片画画，只能用模特"
"Facebook","余少群超话 我將公子po上FB臉書，希望有更多人認識你！ 馬上有人全部按讚! @余少群 @余少群全国粉丝后援会 @紫纱倩影"
"Facebook","同理脸书和推特一直能放开啊，遵守????法律就能进来，他们不同意有什么办法？在我地盘做生意还不遵守我规矩，哪有这么好的事"
"Facebook","2020/03/02協志臉書截圖 萬歲萬歲萬萬歲~~ 孙协志超话"
"Facebook","胡宇威Geo超话 胡宇威超话 #我在北京等你# #胡宇威申凯# 20200302 @胡宇威Geo 发文 图：脸书/Ins 【Keep walking 】 ps：背影也透着帅气"
"Facebook","张艺兴超话 #张艺兴ck全球代言人# 【WMA推特 脸书 ——艺兴Calvin Klein广告相关】 @努力努力再努力x 喜糖也想和gorgeous的Lay在激光背景前跳舞"
"Facebook","#岸边露伴 遭抄袭凶手荒木飞吕彦殴打# 岸边是抄的好吗，你们都被黑蚊子翻了脸书吗"
"Facebook","#金南俊磁性嗓音# 【FB】200302 脸书BTS主页更新南俊相关图片 #BTS?? # ???????????? ‘ON’ Official MV Photo Sketch 【转载请注明】"
"Facebook","#田柾国临风冠玉时# 〔〕 #田柾国魅力进行时# [FB] 200302  BTS 官方脸书  更新柾国相关 4P BTS 'ON' Official MV Photo Sketch 〔长期招新?? 〕 微博正文"
"Facebook","脸书Powland账号宣布， 坂本龙一超话 #坂本龙一# 将要加入2020年的PowSolo Awards的评委会，与Powacademy创始人Mark Berman以及Colección SOLO理事会共同评审。这是一个有关声音艺术的比赛，本届获奖者可以在4月29日宣布，并在马德里做现场演出。 原文： 网页链接"
"Facebook","新冠病毒扩散或让Netflix受益！ 据Variety，BMO资本市场分析师丹·萨蒙指出，新冠病毒全球扩散，如果消费者对此产生担忧而在呆在家中，Netflix无疑是最明显的受益者，这也反应在其股价本周大涨。 MKM Partners分析师C O’Hara指出，除了Netflix，脸书、亚马逊、Peloton和Slack也会明显受益。"
"Facebook","网络时代有什么样的发展逻辑？没有。 例如著名填词人许常德的脸书已经沦为情感咨询账号，一地鸡毛。"
"Facebook","还有那些为了嘲中国为反恐建墙 搬出美国911事件后没有建墙的 宁长脑子了吗？？？ 推特、脸书、ins都是美国公司宁不知道？美国那一套至今还是国际舆论政治正确的风向标宁不知道？疆独至今没有被界定为恐怖组织宁不知道？不知道就大放厥词 真是无知者无畏。"
"Facebook","余文乐madness一直都是深黄，脸书推特跟微博两个样"
"Facebook","老子什么时候才能自由上推特脸书油管p站这些网站，什么时候才能玩外服游戏不用梯子。不过以前听说韩国游戏封中国ip，妹想到居然是真的，其实有必要吗？他们不封我们也玩不了啊，不过大家还是在想办法玩到就是了，不是真的很喜欢，谁愿意这么瞎几把折腾，上个网玩个游戏跟去偷渡似的，每一步都那么困难"
"Facebook","罪人的自尊心，會阻礙他去尋找佛陀； 佛陀的慈悲心，會帶領他去尋找罪人。 ～臉書/佛的智慧～"
"Facebook","脸书上看到一张图把我惊呆了，感觉就像积雨云上几位负责降雨的小工，敷衍了事，把装雨水的袋子一块扔了下来"
"Facebook","#余文乐道歉# 所以在香港用脸书 在内地用微博 如果有一天微博和脸书整合，我相信国际服务器会被评论战炸掉"
"Facebook","现在我越发觉得中国大陆不支持推特脸书是一项无比正确的决定 省得跑到世界上丢人现眼秀三观下限"
"Facebook","肘子也是想得出。米国人用新浪微博？难道博主还有发英文脸书和推特了？ 如果真有，请继续发力吧"
"Facebook","真神烦这个人次次打擦边球，要点骨气吧！有本事去ins 或者脸书上发一条：香港是中国的。大家就都闭麦啦！臭"
"Facebook","亲。咱们国家。法。  //律 不可以的   开始能看。是已经流量不多 没有被发现。现在大家都知道啦 不可能回来啦。脸书 油管 推特 ins。哪个是你能上的呢？想要改变。要看根本在哪"
"Facebook","??DIY相册！要提上日程才行！ ??官方脸书 ??打歌节目小自拍 ??演唱会后台合照 ??每年的新年寄语 ??签售会 ……评论陆续补充??"
"Facebook","一位泰国的乘客在搭乘出租车时忘了戴口罩，当他见到司机的储物架上夹着一包口罩时，打算掏钱买下一个，可司机拒绝了他的钱，并表示，这袋口罩就是用来赠送给需要的人的。乘客感动之余，在个人脸书上写下了饱含真情的赞美之词。 纵然佛国并非完美无缺，诸多社会问题亟待解决，可人民的善意与渡人之心 ... 全文"
"Facebook","突然想到一件事，顺便想说句外面情况其实也没多好 几年前，脸书上我最喜欢的一个理事长角帐（语C号），因为有峯琳cp互动（理事长 x tw的一位太太的梦女cp）被其他小粉丝不喜欢，一个举报就炸号了 而且申诉是回不来的，后来又重新开了好几个号，没多久就被人举报炸号。虽然后来她们查出来是 ... 全文"
"Facebook","#不一样的她# #冒个泡# 脸书就是个垃圾 广州·天河北"
"Facebook","吴慷仁超话 周末愉快哦呦~?? #脸书搬运工# #吴慷仁#"
"Facebook","我春假的时候跟老萨说我的读碟器只能读DVD，他屁颠屁颠去借了电影碟片，拿回来一看，蓝光的。今天无意在脸书上看到他跟人写生日祝福，末了加上一句，你的读碟器能读blue-ray吗？"
"Facebook","这么看，脸书的logo还是很有意义的，不仅仅是个F #这个假期放下手机# 曾新异超话 #facebook# 成都"
"Facebook","看到国内这些信息，再看看法国人还不停强调不需要戴口罩，还在脸书上嘲笑戴口罩的人，我真是生气。"
"Facebook","#孙杨遭禁赛8年# 可以发起舆论战。墙内没有用，最好去推特脸书上发起。 1????发起签名回应活动： 要求国际体育仲裁法庭（CAS）和“世界反兴奋剂机构（WADA）两者官方回应两件事：1.同量级运动员，为什么飞检次数差距悬殊？2.飞检人员为何没有携带官方材料？ 2????挖坟行动： 深挖CAS和WADA重要职司人员 ... 全文"
"Facebook","评： ：据台湾中时电子报报道，有一民调显示，国民党政党支持度仅剩12%，有外界认为马英九的表现，或多或少引发外界反感有关。对此，资深媒体人黄创夏认为，要救国民党，只有美青姐能救了！黄创夏在脸书发文表示，“只有美青姐能救国民党”！想要存活下去的国民党，想要马英九别再多话，快 ... 全文"
"Facebook","2020/02/29 飢餓遊戲臉書 握到神明本人 孙协志超话"
"Facebook","这让我想起身边一个学长 读医生但喜欢做脸书影片结果被人留言喷说有时间拍影片就不是好医生? 但辛亏他心大 唉"
"Facebook","早前龙应台的脸书发布了一篇秒删造谣贴，然后澄清说我们造谣，别忘了我们是以其人之道还治其人之身，只是把你们造过的谣还给你们！！！看图三！ @龙应台"
"Facebook","据新德里电视台2月29日报道，印度阿萨姆邦的锡尔查尔的一所大学的一名客座教授森古普塔（Souradeep Sengupta）因在德里发生暴力事件后，在脸书上发表对总理莫迪和印度人民党的不当言论于周五（2月28日）在其位于住伊特霍拉区的住所被捕。图：森古普塔被捕森古普塔是古鲁查兰学院物理系的客座教授。据《 ... 全文"
"Facebook","歡迎??加入 臉書話題榜～淡水．八里．三芝．萬里．金山 2020年的疫情不僅把整個中國的經濟都拖累了，現在連全世界的各國健康安全都受到了具大的影響連帶台灣很多旅遊景點人潮寥寥無幾，大大的影響到整個景點的商機，在此我開設了公開的社團，給在風景秀麗的淡水，八里，三芝，萬里??，金山的餐飲業 ... 全文"
"Facebook","Cr: funglaluna's fb, ins 由於真愛團隊最近發生了一些事情，在作曲小哥及馮拉的臉書都有不好的言論...不知全貌，不予置評，可是仍然能感受到他們的無奈與難過。最近越娛真的不太平...希望大家都能堅持下去..."
"Facebook","#想见你# #想见你彩蛋接力赛# 柯佳嬿 许光汉 施柏宇 颜毓麟  无水印 图源施柏宇脸书  （派派你不知道柯姐胜负欲很强嘛 ）"
"Facebook","金泰亨超话 我要诅咒那些超话里没去刷油管直拍的人。永远抢不到防弹演唱会门票，永远抽不到签售，官咖推特脸书one 永远不能被泰泰翻牌！！！哼哼哼哼哼哼哼哼哼哼哼～[左哼哼]"
"Facebook","在臉書以為簡體能躲過一切嗎.. 那個人腦袋怎麼了.. ..都不知道臉書有網警嗎... ..14小時抓到貼文者 #台灣#"
"Facebook","脸书上人们的帖子：“抗冠状病毒，每天吃四头大蒜??！不会抵制病毒，但让别人绝对不靠近你。”（调节一下心情，也并非毫无用处）。 #美国教育[超话]#"
"Facebook","flukepongsatorn超话 昨晚脸书头像也更新了哎"
"Facebook","每登一个脸书就废一个号…… 大号小号都没了"
"Facebook","#余文乐道歉# 开精选评论是为了屏蔽那些无脑狗喷子嗷，现在的xxs是不是只会说发ins发脸书了 ，道个歉是给你吗国外人看的"
"Facebook","肖战这件事，已经偏离了最初举报的问题，你不思考为什么会举报是管用的，你不思考对于这种环境，我们要改变的到底是什么，80%所谓路人的状态是：我Ao3看不了了！我不敢批评砌墙人，我也找不到真正举报的人，啊，我好气啊！就拿肖战出气吧！ 可是你被墙的只有ao3吗？脸书，油管的时候呢？你那个时候没找 ... 全文"
"Facebook","Teddy朴辰成超话 【金监督在线护崽】 一个叫“game edu”的媒体发了个脸书 上面写：ADC是真正的皇室的理由——长得很帅 并po了几张ADC的照片，里面有Teddy的旧照。 金正洙监督看到后表示：辰成……的照片能不能更新一下？？ 金监督在线护崽！！"
"Facebook","ao3回不来了，还努力期待着他回来，我可没那么乐观，推特，脸书他们回来了吗？如果期待有用的话那我们早就把他唤回来了，我现在只想肖战粉付出代价，肖战也跟你的粉丝共患难呗，还有别上升到国家政策的问题，我没那个高度，所以我只想着他啥时候糊就行"
"Facebook","DAY6超话 @DAY6Official 朴再兴超话 【相关】200303 DIVE Studios更新一则： 注意这里... ?? ?? ?? 这周三收看3/4下午5点PST Ep. #4 # HWAITING ! ?? 僅在Facebook Watch和DIVE Studio的脸书专页可见 &lt;资源:??翻译:muran&gt;"
"Facebook","现在的这些社交软件啊…… 最后的一点隐私权都没了…… 马上开始用油管和脸书了"
"Facebook","江启臣连续两天在脸书发表形象影片，诉求国冥党必须改变体质。"
"Facebook","新冠肺炎疫情持续扩散，如出现发烧等病征便要特别注意。有台湾女秘书日前发高烧至摄氏39.4度，求医后诊断为「类流感」，需要在家休息3天。惟她向上司请假时，对方竟暗示她要继续上班，更语带威胁指「妳自己看着办」，令她大感无奈。 一名台湾女网民于上月27日在脸书群组「爆系知识家」发文口苦水，指 ... 全文"
"Facebook","台湾资深媒体人陈文茜去年发现罹患肺癌，但仍撑着病体坚守工作岗位，去年3月进行手术治疗，恢复状况良好。今（3）日凌晨她在脸书谈起康复之路，感性的说「想为自己拍拍手」。 #陈文茜#"
"Facebook","余文乐这个港独又来骗大家了，有本事先开除设计师，在在推特，脸书一同道歉"
"Facebook","海外的疫情我反而是觉得越来越担心美国，脸书上发个带口罩照片，都能引来一群美国友人们说口罩没用，政府都说口罩没用。这群人很多人也都是反对给自己孩子接种疫苗的那些人。美国有时候是挺魔幻的国家。"
"Facebook","黄暐瀚脸书被「出征」然后他用“低智商社会”来形容台湾"
"Facebook","一名新加坡学生因冠病疫情引起的种族歧视，在英国被一群青少年围殴至重伤，在脸书发文寻求证人。 在英国伦敦念书已有两年的乔纳森莫（译名）昨晚在面簿发了两张被殴后拍的照片，述说自己的经历。 他说自己是在上个星期一（2月24日）晚上9时15分在伦敦牛津街散步时被一群青少年袭击。 照片显示，他右 ... 全文"
"Facebook","#台湾新增5例确诊病例# 我很希望这个疫情在台湾大爆发，让他们感受下，“我们这里不封城哦，不像你们中国” 我在脸书上要被台湾人气死了，说武汉肺炎，实验室漏出来的病毒，我隔着屏幕都想去打人"
"Facebook","TwoSetViolin双琴侠超话 （脸书搬运） @TwoSetViolin双琴侠 @TwoSetViolin-双琴侠 B宝生日快乐！ （B宝和我爸同天生日??）"
"Facebook","随便上油管推特脸书搜lgl都是台湾网友黑他骂他，就因为他说他来自中国台湾，就因为他越来越流利的普通话，大陆高贵路人还有黑子就知道紧抓着一个18岁孩子使劲黑，真的心疼dd，当明星太难了，一言一行都被无限放他，连发微博分享日常的都能被黑，妈的，气死我了！！！"
"Facebook","脸书和推特退出今年SXSW大会！ 据Deadline，受新冠疫情影响，出于安全考虑，脸书和推特均宣布退出今年是SXSW西南偏南大会（音乐节、电影节和艺术节）！西南偏南大会将于3月13日-22日在奥斯汀举行，目前并没有推迟或取消。而 #Twitter鼓励全球员工在家办公# ！"
"Facebook","mewgulf超话 依旧是预告 脸书低清画质 我已经分不清哪些画面见过哪些没见过 不过今晚就可以看了哈 ??trec tv 丨快乐小刘丨的微博视频"
"Facebook","脸书一直转着这样的信息，把正常人都吓尿了，黄丝更不用说了，机会来了还不拼命转发？"
"Facebook","感谢新加坡民众的肯定与欢迎，晓斋应新传媒邀求將开健康系列《吃出健康自愈力》直播专栏，针对当下疫情续上期継续讲解免疫，海外請脸书收视。 新加坡 王晓斋的微博视频"
"Facebook","#阿尔加夫杯# 瑞典官推：有可能会在官方油管账号上直播瑞典队的比赛；丹麦官推：将会在官方推特&amp;脸书上直播丹麦队的比赛；挪威官推：公布了挪威国内赛事转播的平台 ；德国官推表示他们没有拿到电视转播权。 @Vin8Cent @挪威女足 @eheheheenenheheZCTW @玖贰壹贰贰叁 @米德玛资讯站"
"Facebook","#周子瑜# 真是我老了，现在玩微博的全是小学生了 这位台独不是石锤不能再锤了吗？还有洗的 当年脸书的表情包大战都忘记啦"
"Facebook","国外疫情日渐严重，国内媒体对其它国家的现状报道倒是异常详尽。不得不猜想其中逻辑是不是这样: 看，我们搞砸的事，你们不也没能做得更好吗？国外疫情发展至此，现在看来原因之一是防护意识弱，对病毒的认识不足。此原因产生的原因很有可能是信息的获取不足？试想，把新浪微博的信息同步移植到脸书，没 ... 全文"
"Facebook","#想见你# 许光汉 柯佳嬿 施柏宇 凤南小队无水印剧照 图源想见你脸书"
"Facebook","#代言# 瑪登瑪朵 臉書："
"Facebook","#Twitter鼓励全球员工在家办公# 封号的我笑了 我都是ins被封 脸书不配"
"Facebook","本來我想讓228平靜的過去。沒想到臉書又看到有人在作妖了。本來應該是縫合傷口的節日，偏偏每年都要來撕裂一次。這個人列出所謂台灣「菁英」斷層，事實上3年後拋家棄子跟隨政府來台的外省知識份子，有哪個不是更優秀？影響到現在還沒消失？動盪時代很多事情都說不清的，解密真相並做出反省是一個政府負 ... 全文"
"Facebook","终于找到了苹果和安卓都可以用的vp嗯恩v屁皮n啦！看了instagram注册教程原来脸书推特刷油管真的超级简单以后每天都可以追爱豆的 ins人气咯！ 超级好用的安卓iOS梯子 见评区????????????"
"Facebook","佐藤健超话 啊啊啊啊啊啊啊啊我的line收不到手机验证码，用脸书也登录不上去 有没有姐妹会弄的呀"
"Facebook","Anduril Industries设计研发虚拟边境墙，用于检测非法越境人员 - 电子发烧友网 脸书旗下虚拟现实公司Oculus创始人Palmer Luckey创立的新公司Anduril Industries，正在设计研发虚拟边境墙，此次开发的虚拟边境墙是用于检测美墨边境非法越境人员。该公司与美国官方部门合作，进行边境墙试验与建造工作。 ... 全文"
"Facebook","脸？！他们什么时候查查他们自己在大陆以及在油管推特脸书上散播的谣言？？哦，可能查不过来，因为从几十年前就有了，真查估计能一吨一吨的用火车拉走。"
"Facebook","history3圈套超话 青蓉導演臉書搬運一下～ 導演在感嘆229四年一次的人生進程～～ 我卻在照片裡看熟悉的身影～～ CR: 導演臉書"
"Facebook","很适合胶片机的煐东~ 都是用哥哥喜欢的film camera拍摄的，要知道有两期x file就是小林的摄影教室 【前两张是180501吉隆坡FM后台，但图是出道500天发在脸书的"
"Facebook","午餐和Lina一起吃她們家鄉味的泡乾麵。這時間才發覺，對齁 今天是四年一次的2月29日，在微博也補個已在臉書貼文的生活日常。 台湾·高雄市"
"Facebook","#灵超[超话]#终于找到了Twitter 油管 ins 安卓ios instagram 安装包 注册 教程vp嗯恩v屁皮n vpm很不错 超级好用的安卓iOS梯子 UNINE 金泰亨 李振宁 边伯贤exo 贾斯汀比伯 易烊千玺 水晶男孩 脸书 推特 真的超级简单以后每天都可以追 孟美岐、吴宣仪、杨超越、段奥娟、Yamy、赖美云、张紫宁、杨芸晴、 ... 全文"
"Facebook","作家斯蒂芬·金宣布退出脸书；新冠状病毒笼罩欧洲，伦敦书展如期举办；作家协会报告职业作家并不乐观；马斯克受科幻小说《基地》激励创办SpaceX；80岁作家玛格丽特·阿特伍德试玩电动滑板车。 第一期「booknews」视频，如果觉得还不错，请帮忙转发。 #Booknews# #斯蒂芬·金# #马斯克# #阿特伍德# #书店 ... 全文"
"Facebook","“我们为什么要看很好很好很好的电影，和一般电影不同的是，它会带我们找到平常不会现身的自己。很好很好的导演，不会只以表面的自己来跟观众聊天，他会要求对话的一方也要往更深，或少有接触的自己走去。”刚刷到了Edward Lam更新的脸书，假期对于我就是又疯狂又可以慢慢补电影的时期。（以前看电影都 ... 全文"
"Facebook","真几把好笑什么外国人愿意来？脸书推特p站ig现在连ao3都上不去，不过是为了给那些早年贪了钱移了民现在又微微有些后悔的人找回头路罢了"
"Facebook","救命，推我锁了，手机号和邮箱也都取了 可是脸书和ins怎么办，这两个要管吗，我一个脸书号被锁了，一个才注册没多久，还有两个ins号 头更大了更大了更大了！！！！"
"Facebook","每次刷脸书或者朋友圈看到外国朋友们替中国说话都挺感动的。所以国家对留学生的条件都很优渥是有道理的，当他们回国后还能站出来替中国说话时，这种散布在世界各地对中国的声援远比小粉红们盲目地和异见对着干要有力的多。"
"Facebook","我在我有生之年不用梯子上过油管推特脸书ao3，人生已经很精彩了??// @重生之美丽鹾宝 :// @西窗随记 :阿廖沙说：“最要紧的是，我们首先应该善良，其次要诚实，再其次是以后永远不要互相遗忘。”"
"Facebook","kim goodburn ~一月演出图图 来自友友的脸书"
"Facebook","#3月起明令禁止网络暴力人肉搜索# 希望严惩不贷，像脸书一样实名制，现在网络环境太差了，为了祖国的下一代，请一定严格执行"
"Facebook","岁月静好就是掩耳盗铃固步自封，昨天是你不用ins油管脸书推特没关系，今天是你不用ao3看文不在乎，明天一定会迫害到你身上。"
"Facebook","3月起我ins脸书可能直接歇菜 我国艺术其实太落后了 边界一卡再卡 电影电视剧能拍出个什么 微博死的图片又会多一片 本以为会21世纪应该迈入“这都不能播？”的时代 却到了“这都能播？”的时代"
"Facebook","由于太无聊，去北海道知事的脸书逛了一圈，怎么感觉他现在反而比以前好看 头像审美有点迷（最早是12年的） #北海道进入紧急状态# #北海道知事#"
"Facebook","以后会有人问ao3是什么？IG是什么？推特是什么？汤不热是什么？油管是什么？脸书是什么？直到最后没有人问了！因为墙里的人根本不知道有这些东西"
"Facebook","#周子瑜# 被林更新怼的那个？到今天我还记得那不情不愿读稿的样子和脸书大战呢。被骂上热搜了然后说中国也捐了？汇率问题？当我们傻子啊？"
"Facebook","为什么要墙，从我个人角度理解，脸书推特这些东西所有权在于????，它们说它是自由言论公平的，可是从看到一些例子证明它真的公平吗？只要我们是红色国家 政党一天，这些东西永远对我们抱有“敌意”，有些公知就要说了推翻ti制，老实说????成立将近一百年至今，才取得今天的成就，轻言推翻它的 ... 全文"
"Facebook","好笑 天天说推特脸书上的东西乳划会带偏国人 国人是不是都是没脑子的??啊？还说外网中国人没有话语权 你妈笑死我了 一个14亿人口的国家在外网没有话语权还好意思说出来 太监们也不嫌丢人"
"Facebook","微博zz家又发力了！一个ao3居然把ins脸书推油管一起混为一谈了，高呼自由高呼自己的权利被祭奠啦，你们的??准时火葬场排队，这个时候又来xjb上升郭嘉了（祖安籍一条"
"Facebook","EXO超话 还有人吗？？我ins，推特，脸书都没设私密，而且昨天凌晨还浏览过不可言说的p站和x站，会不会有事？？"
"Facebook","EXO超话 现在才看到 十二点过后的时候还开了梯子 去投票和打开和发布东西在ins和脸书 现在全删了软件但是好慌 到底怎么了？？！！！一脸懵逼我咋办啊！！！"
"Facebook","转一个朋友脸书的照片，俺村抠死抠今早排的长队和民众抢购的东西。"
"Facebook","防弹少年团超话 占下贴 推特脸书啥的要注销吗？电话注册的有点慌"
"Facebook","*必須記下:2020/2/29遇到一個阿米天使，只是跟她換了1版的團卡-&gt;號錫，聊了一下，竟然主動跟我要了其他三版的小卡幫我在臉書社團貼文換卡&amp;幫我接洽~~真的是完全第一次交談的阿米耶實在是人太好了QQ希望她可以換到想要的國國四版!!!!(集氣祈禱)"
"Facebook","倒也不必惋惜脸书ig推特被墙又开始煽动闭关论，就现在有的人智商来看还是应该墙的，看看医生去世那天晚上什么动静清醒一下"
"Facebook","别墙不墙了，就现如今随便一个截图都能把好几万人耍的团团转要真去推特脸书天天看大妓院那些黑媒还能有好？是谁给你们的错觉让你们认为只有墙外才是真正的世界呢？"
"Facebook","周子瑜超话 周子瑜实惨，个个喊着td，缺没有一个能贴出最直接到td证据，目前能看到的一个是脸书账号言论截图（那是早就澄清的假账号），一个是人日的间接报导（间接的都没有说服力，而且人日经常翻车）。请那些喊着子瑜td的，把最！直！接！的证据贴找出来"
"Facebook","2016年冬天，我和小桥去缅甸爬塔。爬塔途中各国年轻人都特别友好，相互搭手帮忙，等夕阳的时候他们坐在高塔上非常热闹地交换了脸书。 虽然即使没有墙我也觉得脸书很难用，虽然以我的社恐也不会和陌生人攀谈到这种程度，但当世界人民以他们的方式相处的时候，我看着夕阳想：啊，对，我是中国人啊。"
"Facebook","美国第一起新冠肺炎死亡病例爆出，病人生前在西雅图附近的长青医院接受治疗。 死者年近60。 网页链接 川普就此发表电视讲话。 看脸书直播的人数只有他平时大型群众集会的1/20？ 当地时间下午景郡将举办新闻发布会公布更多的信息。 网页链接 ... 全文"
"Facebook","ban掉推特脸书ins是因为有人在搞分裂 ban掉ao3 p站 汤不热…是因为有人举报 有问题的不是做指示的上位者，而是下面一刀切的sb执行者，是我不喜欢所以我要举报你的歪风邪气。 他已经很难了，要把已经走歪的路再带回来，需要的是人民的支持。不管节奏怎么带，我始终相信这位"
"Facebook","今天脸书的页面、全部在讨论肺炎。一直以来，美国这边都是岁月静好，每天看着脸书简直是两个世界；然而今天一堆说Costcotarget拥堵的，一整面全是讨论肺炎的，这回可以了。靴子终于落地了，本来周末要采购的，这人山人海的，stay home吧……"
"Facebook","#3月起明令禁止网络暴力人肉搜索# 举手提问：脸书/推特/ins……啥的其他外国社交平台上有营销号吗？"
"Facebook","林俊杰超话 JJ 又去林妈妈的KTV 唱歌 来自【Voice Art 藝聲】脸书"
"Facebook","刀婵超话 2020年情人节贺图（图源霹雳官方脸书。）"
"Facebook","有些人也不要趁着这波过头带节奏了哈，能不能用脸书和推特真的全是墙的事？这回废青的事翻过去发言后被封号封的不够快是怎么的？"
"Facebook","你别搞hs我也别搞hs我们无性繁殖好啦！ 用不了油管用不了ig推脸书用不了p站n站用不了凹3咱们一起做wall内人吧！"
"Facebook","前面的推特脸书 我不清楚 只知道从开始我网上冲浪 没fq就上不了 bbc 华盛顿邮报可是我眼瞅着就没了 维基百科也是 前一天晚上还正搜着东西 转天打开就不见了"
"Facebook","EXO超话 卸载 ins  脸书 推特 以及所有V的第一天真特么浑浑噩噩"
"Facebook","ao3被墙真的不要带节奏给国家了，去年也进不去净网了，ao3也没有被墙啊。 顺便，六年前的今天，昆明火车站的那群人，就是靠脸书联系的。"
"Facebook","在脸书一次直播中，FCA设计主管Ralph Gilles亲口证实，JEEP 全新大切诺基将在今年年底前发布。 根据之前曝光的测试车，新一代车型将会更大。 传言称，全新大切诺基将基于阿尔法罗密欧Stelvio平台，搭载V6、V8引擎轻混动力系统 #MJ车谈#"
"Facebook","说AO3就AO3扯你妈脸书IG推特呢 脸书推特IG为啥被墙你他妈不知道吗 煞笔玩意 浑水摸鱼的带路党死不死啊??"
"Facebook","爱国是原罪   民主自由是大法   有些人眼里外网就是天堂   可惜了中国不会开的  你们想看早点投胎生去非洲上推特脸书去吧"
"Facebook","現在不止我在微博受到謡言騷擾，台灣臉書也不少人在抓狂哪來那麼多偽造文書及圖片，說要抓凶，我不管凶手是內地人或台灣人，建議一概死刑；上次消費李文亮的，我建議凌遅處死，並且直播。對不起，我暴力血腥思想不斷上提，一場疫情不止帶給我悲傷，也帶給我對亂世用重典的嚮往。"
"Facebook","百度虽然垃圾，但是也有一点点用处，毕竟是PC 时代的流量入口。当年很多历史记录在百度上可以查到，尤其是有一点点知名度的人，肯定上过本地学校媒体的新闻，一查便知。即使网页删了还有百度快照。太容易挖黑历史了，还好我没在贴吧发过求种子的QQ邮箱。 领英脸书也是，很多人喜欢用真名，真的是 ... 全文"
"Facebook","法国Balme-de-Sillingy 市长昨天晚上在脸书： 早上测试，晚上出了结果，确认感染。 要去医院隔离了，和其他13例感染者。 并且在强调：大家要小心，不要握手，不要亲吻，如果不是必要不要出门。 公众人物确诊，希望能引起更多的法国民众的重视。 法国另一种灾区Oise（36例确诊），今早bfm记者实地采 ... 全文"
"Facebook","还有说我P人家爸爸那个，我确实是从脸书上拿了一个图，因为当时我的ny12爸爸皮肤病我Ｔ了，所以我把那个丑的图修的像我的猫用了一下，并不是我没有，而且我的比他的好看 我就图省事，但是猫本身就是很好的，不存在欺骗，而且我这个公猫小猫遗传基因超好，即将开放借配 ... 全文"
"Facebook","很多人艾特我，关于年代新闻标注“中国病夫”的事。 因为我一向只相信亲眼所见，仅凭一张截图，没有日期、节目等具体信息，很难实证。 为此翻了年代在油管上官方账号近几天的新闻，一直未找到。 最后在脸书上的官方账号中找到了。 对于绿色台，虽早有心理准备，但这种超越底线的行为，实难容忍。 稍后 ... 全文"
"Facebook","江启臣、蒋万安与柯志恩今日上午在脸书直播早餐谈话会时，谈到国民党大败主因，江启臣表示，国民党这次选举又讲一中各表，但表到后来没有人清楚到底在表什么，是最大的败因之一。这次败选也是一次绝佳机会，让国民党可以改变，未来党中央也要和地方、立院密切合作，要让国民党的智库所提供的资讯可供立 ... 全文"
"Facebook","截至目前，我在网络见过最神奇政治立场，一个台湾人，简介“民族复兴，祖国统一”，看他一个视频，拍的是台北东区萧条景象，商户租不出。看完这视频后，又关联另一个台湾人视频，讲自己感到大陆（上海）生活便捷，之前做过一个台北VS上海视频，被台湾人狂喷大陆连脸书油管登不了唉，但他想请问难道台湾 ... 全文"
"Facebook","介绍大家去看这个视频（www.油361管.com/watch?v=ndOsqevLOME），里面Roger McNamee ， 投资了脸书的著名风投的管理人，也是zuck的导师的人写了一本反对脸书的书“Zucked”. 他讲述了他反对脸书，每天都在悔恨的原因。他说脸书是利用赌博让人上瘾的心理机理，让大家对于脸书的信息上瘾。最恶劣的是，脸 ... 全文"
"Facebook","据弗朗西斯科在脸书（Facebook）讲述，24日上午10时，他和朋友给车加完油，进城购物时，看到两名意大利青年正在辱骂一位中国老人，“中国佬快滚！是你带来了病毒！”对此弗朗西斯科表示，这是他这辈子见过的“最可怕的一幕”，“是个人都不会说出这话”。 弗朗西斯科称，他当时试图上前向这两名青年解 ... 全文"
"Facebook","来自日本的语言学校的老师，用中日英韩越五种语言声援武汉，“武汉加油！我们支持你！”“世界是一家！” 脸书账号： @Human Academy Japanese Language School ==== 只需发布您的作品并带上话题 #after_wuhan# ，凝聚力量，用创意声援武汉！人人皆可参与的艺术项目！ @武汉市文化和旅游局 @武汉发布 ... 全文"
"Facebook","来自日本东京丰岛区的骑士武士体验学校的学员们为武汉加油。“我们有很多中国的学员和朋友，我们希望通过视频为中国加油！为武汉加油！” 脸书账号： @Castle Tintagel ==== 只需发布您的作品并带上话题 #after_wuhan# ，凝聚力量，用创意声援武汉！人人皆可参与的艺术项目！ @武汉市文化和旅游局 ... 全文"
"Facebook","脸书帐号庄XX的台湾网友日前转贴一全球华人军事联盟的贴文，因内容提及「台湾疫情失控，军方接管台北，蔡当局当街烧死疫情患者 」及「X，据我朋友在台湾的小姨子的姨夫的三姑的七舅老爷的儿子的男朋友讲，台北现在一车一车的尸体往火葬场拖.....」，被台湾警方认为明显是在散播不实消息。 庄姓网友贴文 ... 全文"
"Facebook","其实确实也是，很多东西自己觉得自己明白就行，没啥好争的。 有些人就是觉得不看网飞推脸书inst油管也挺好，有些话不能说就不说，本身自己也没啥一定要抒发的有风险的想法和观点，真心的觉得生活好，国家好，什么都挺幸福的，不需要别的东西。 我身边就有这种人，也挺开心。 不同的生活方式，其实这 ... 全文"
"Facebook","塞尔电台曝光了几个脸书上的账号，这几个账号被认为是这家公关公司操纵的水军 第一张图：“梅西躲家里，做主看女人，他只敢在社交网络上和自己的孩子过家家，而让自己的夫人像一头母狮子一样保护自己的家人。” 第二张图：&quot;人生需要抓住机会，不要等人家亲自把饭喂到你嘴里。“（讽刺哈维不接受巴萨 ... 全文"
"Facebook","善恶终有报，天道好轮回。 不信抬头看，苍天饶过谁。 ———————— 黃暐瀚在臉書撰寫「疫情過後」一文，他斷言「疫情會過去，兩岸回不去」。 黃暐瀚認為，或許有人會說「誰關心兩岸會怎樣？敵國滾，去死就對了」！對於這種網友，黃只想說「疫情會過去，人性回不去」，一旦疫情過後，台灣會不會在亞 ... 全文"
"Facebook","玩脸书三年多2017-2020，在网上认识了很多日本和韩国的大叔，我觉得最对不起的就是这个首尔的大叔了。用kakao talk和他联系，他给我买了很多付费的表情包，叫我去首尔，我说我没钱去，他叫我发银行账号他，我知道他是真心的。如果他知道我骗了他，他一定会很伤心，所以从去年下半年后我就再也没有理他 ... 全文"
"Facebook","我常常会想念林奕含，然后重读她的书，她用血泪写下的文字。 我慢慢翻看她的脸书。她喜欢&lt;比海更深&gt;的选角，但电影只打了两颗星。她去影院第二遍看&lt;比利林恩的中场故事&gt;，在沙发椅里耸肩大哭。她为鲍勃迪伦得诺尔贝奖而愤怒，因为他早已挂满名誉传遍世界，却还浪费了一个本可以把伟大作家推向世界的绝 ... 全文"
"Facebook","我的脸书（Facebook)今天跳出这个图片，说是五年前的今天我贴的。今天这里阳光明媚，很难想象五年前的今天这里是冰天雪地，那一年波士顿的雪是破纪录的多，一个月下了8英尺多（2.5米）。 这幅图的故事是，我到旧金山去避寒，企图躲过这创纪录的雪。没想到没完全躲过。我回来的时候，门前的车道上（Dri ... 全文"
"Facebook","我们本来都商量好了怎么做、我们做得好好的，你一来我们就困惑了，已经商量好的工作进度也要受影响，所以你还是走吧。你是专家没错，但是你电话里答应作为组织的一员了，结果你进去不顺从组织，还要背叛作为组织官员的我？太没有日本社会人常识了。 （我粗鲁地帮那位出来澄清的日本官员高山義浩的脸书 ... 全文"
"Facebook","我在脸书上认识了一个日本东京大学的退休老教授。 他年轻时候，在东京大学读书，当时就是毛爷爷的粉丝。 80年代，他到中国来，就是直奔韶山。 他现在一对儿女，都移民到了美国。 他对我说，现在日本的年轻人都很右很疯狂。包括他在美国的孩子。 他和他老伴，在美国孩子那里生活一段时间，他说，总感 ... 全文"
"Facebook","艺人邓丽欣在ins上晒开香槟庆祝照片，配文使用“煞景”一词（图一、徒儿），被网友质疑为刻意辱警（广东话“煞景”、“杀警”谐音）（图三），邓事后解释说是为庆祝新剧杀青所以用“煞景”一词（图四），结果遭李力持导演嘲讽：“入行30年，从未听说过这种说法。”（图五），同时有网友发现，邓在脸书 ... 全文"
"Facebook","在家隔离者要求提供鸡、肥牛、火龙果，社工投诉港府。 港府上月8日起实施强制检疫，家居隔离的人可以要求社署派人送日用品上门。有社工投诉，有隔离者提出不合理要求，如送20箱火龙果及两磅肥牛两只鸡到住址，批评港府供应物资没有标准。目前有3500人接受强制家居检疫，港府在脸书澄清社署不会满足检疫 ... 全文"
"Facebook","在新冠肺炎疫情之下，全球各地都出现口罩荒。据台湾媒体报道，由于台当局禁止口罩出口，新加坡打算将新加坡科技工程有限公司2条在台湾的口罩生产线，直接移回去新加坡生产，此举引发岛内网友热烈讨论。据报道，新加坡总理夫人何晶在“脸书”上提到，新加坡科技工程有限公司在岛内共有2条口罩生产线，分 ... 全文"
"Facebook","怎么港，就是，柏林赫塔队内有很多问题，方方面面都有问题，这不需要克林西说我们都知道。普总也好其他媒体部高层啊队医啊，球迷也不是没骂过。不过，就算克林西是俱乐部里最清醒的人（“必须立即彻底更换管理层。从长远来看，这是取得真正成功的唯一途径。”），说的都是大实话，但和你脸书辞职让俱乐 ... 全文"
"Facebook","张曼娟在她的脸书为自己家中的外籍移工写了一段话（台湾用外劳这个词汇的比例在降低）： 今天是我家阿妮沮丧的一天。 看见白牌移工确诊后， 她就很不开心， 觉得大家会对她们印象不好， 觉得他们都有病，会传染。 我安慰她不会这样的，别想得那么严重。 结果她今天休假， 搭捷运去找老公， 车厢里挤得 ... 全文"
"Facebook","这一个月做了什么？看了一堆电影数不过来，追了4部剧，读完了3本书，写了几万字的东西，运动瘦了6斤，每天步数不超500，刷ins推特脸书朋友圈微博豆瓣绿洲，整理硬盘资料看以前的照片文字视频各种东西，打游戏，撸猫撸狗，给我妈按摩，跟我妈喝酒…都是一些屁事儿，我真的快疯了，我连大门都没出过，更 ... 全文"
"Facebook","最讨厌找人测评了还要求每天测评 没事 不花我的钱就当推特脸书交朋友"
"Facebook","分享一下臉書網友的鄉村景緻 早安??"
"Facebook","#防弹少年团心灵治愈者# ?? #遇见bts遇见更好的自己# 【200302官方脸书】 MV幕后花絮图 &lt;翻译By BTS_Fairy,转载请注明BTS_Fairy&gt;"
"Facebook","2020/03/02飢餓遊戲臉書截圖 5%大帝顯神威?? 孙协志超话"
"Facebook","开学第一天，我的同学们隔着视频：“我在脸书上看到你们的事情了....” 我能咋滴"
"Facebook","林俊杰超话 林距离超话 视频来源：KKBOX脸书官网2013年 采访（截取部分） 西装林真的帅 ，早期林俊杰很内向 青涩 喜欢受到表扬和鼓励。夸俊俊就对了 谈与王力宏的相识。 林家小兔三岁的微博视频"
"Facebook","登不了脸书，你说，我有人人；上不了推特，你说，微博一样玩；查不了维基百科，你说，百度不也挺好的；小灯泡太贵，你说OLAY不也照用"
"Facebook","许光汉greghan超话 ?? #许光汉 greghan# 昨晚無意間翻到植劇場之前的直播，是光漢和冠廷示範做沙拉，一開始拿手套在玩的光漢好可愛~~[太開心][太開心] 可惜臉書影片暫停截圖就是會有個圖示…囧 @許光漢GregHan"
"Facebook","之前在脸书上先后认识了两个尼日利亚的黑人 两个人都跟我说想通过我让他们来???? 我表示拒绝 #外国人永久居留管理条例# 不知道未来某一天在大街上会不会遇到呢"
"Facebook","肖战超话 我刷了下脸书，好多粉丝都提到人权了，还骂zf ，再这样下去，会被封杀的"
"Facebook","是滴 三年前 当我发现不对劲的时候我当机立断把脸书给切了 也感谢有小姐妹的帮助 每天问我当日有什么好事发生。 渐渐的不需要任何药物一个月痊愈了// @Snow_No1 :// @步调调坚持自己的调调不动摇 :网络不是全部"
"Facebook","#法国买口罩需医生开处方# 发了脸书吐槽以后 法国老师评论我说是因为口罩不够了要留给有需要的人 我？？？得病的都去医院了 有需要的不就是普通民众吗？可能在他们眼里还是 只有生病的人才需要戴口罩叭 照他们这么处理 合理推测 我就只能等着撤侨了叭"
"Facebook","2020/03/01協志臉書截圖 你好你好~ 孙协志超话"
"Facebook","梦想小镇超话 你们都是怎么通过互粉添加好友的呀？我好像只能连接脸书？"
"Facebook","#意大利居民拒戴口罩要自由# 脸书上大部分人都是说不害怕，小数人支持带口罩做好防范措施。他们国家不作为，要经济，不管后果，切看着吧以后会怎么发展。事情如果到了不可收拾的地步，祖国爸爸是否会接我们回家。 意大利"
"Facebook","開始為了看林奕含的主頁上臉書，之後在臉書看到台灣同事的履歷表，然後是為了追星，再後來用來測試一下梯子。那個主頁大家講話的方式和微博主頁真的很不同，不是評價好壞，我就是在表達一種很不同。"
"Facebook","周子瑜超话 谁有在打歌舞台投票的那个软件 还有 一个蓝色标识的直播软件 推特脸书啥的能传给我一下嘛？我有用！谢谢！！"
"Facebook","王凯超话 看著 WeTV 臉書上的簡介 感覺離官家越來越近了 @王凯kkw #王凯孤城闭# #王凯宋仁宗#"
"Facebook","mewgulf超话 亲爱的集美们，怎么才能成功注册脸书跟ins 注册后隔天就说被停用了 咋回事捏？"
"Facebook","dpr超话 dprlive超话 公演信息 &lt;VERY FESTIVAL: SPRING-BREAK&gt; ??公演时间: 2020.03.14 ??场地: 泰国曼谷Thunderdome ??入场时间 : 12:00 PM ●售票网站: 网页链接 ●脸书活动页面: 网页链接"
"Facebook","TXT组合超话 【200228 脸书】官方号更新 概率与统计(2019.txt) 翻译： 微博正文"
"Facebook","陈瑞书超话 妞妞们！干活啦！ 快去Facebook关注????????????????????????账号 这是longkhong的脸书账号 大家快去给喜娃素质三连吹彩虹屁呀~"
"Facebook","睡不着觉看了下脸书 偶然刷到炎亚纶发的帖子 这哥真的太让人佩服了 说的话跟我想说的一模一样 而且他真的是我看过最注重环保的一位明星了 听说他有自备吸管 还带过粉丝捡垃圾  路转粉"
"Facebook","吴慷仁超话 是你的想跑也跑不了，不是你的想得也得不到 #脸书搬运工# #吴慷仁#"
"Facebook","#香港# 有网民在脸书群组撰文，投诉中环茶餐厅「四季常餐」的侍应给食客「二手冻柠茶」。不少网民看过投诉后，直指餐厅过份，扬言要罢食「四季常餐」。"
"Facebook","《美国技术封锁将被打破？脸书和推特等应用已确认加入华为HMS生态！》华为在2月24日的欧洲发布会上就对外推出了自家的HMS服务，透过自家的应用商店来串联HMS生态。 网页链接"
"Facebook","Hey!Say!JUMP超话 问题来了！！有没有姐妹知道咱们跳节目(常驻节目)或者的官方账号(推、脸书、ins、广播都可）！？"
"Facebook","《余承东重磅宣布！日前华为宣布将扩大其海外应用商店AppGallery的规模，引入，包括推特、脸书和I》中国科技先生在百度动态发表了新动态 网页链接"
"Facebook","2020/02/28 星恆娛樂臉書截圖 孙协志超话"
"Facebook","#美国疫情# 在 #新型冠状病毒# 疫情爆发之际，脸书Facebook取消了年度开发者大会。 美国·华盛顿"
"Facebook","新冠肺炎疫情波及美科技企业 微软、脸书取消线下大规模会议 视频会议估计也需要在有限的时间内找到共识来解决问题 网页链接"
"Facebook","小S转发了刘真老公辛龙的脸书po文为病中的刘真加油，依然可爱的“挑衅式”鼓励刘真康复后要来比较“谁跳舞比较有力” 不然干脆康熙重开然后邀请刘真来呗？"
"Facebook","推特就尼?? 离谱，把我封了半年了不解封，连着半个多月给我一天一封邮件的发，我脸书推特又上不去给我发发发，你④来臊皮的④吗 推荐的还都是川普的推文，真就政府社交平台？"
"Facebook","#美国CDC# 昨晚在脸书骂了一些台湾人，他们把新冠称为武汉肺炎，跟他们讲时间线，讲传染源可能是在美国时，立马就跳脚了，恶心的台湾人，期待武统的那一天"
"Facebook","台湾省病人在医院隔离还开直播，32例女看护染武汉肺炎　脸书直播曝隔离医院，嗯现在医疗费要自己出。 在医院开直播有什么见不得人的吗？怕世界第一的医疗技术给人看见。 网页链接"
"Facebook","Denis邓超话 Cr: Chipe臉書 終於更新和馮拉的合照，一共5張 #自心# #denis邓#"
"Facebook","歪果仁是有多不喜欢穿bar，这个乳贴从去年底到现在还跑的风生水起，要不是脸书比较敏感，不让gfs俺也想一起跑了"
"Facebook","今天的going moment~ 说起来上次我去官脸书看了一下 官油管虽然是前段时间才设这个播单 官脸书倒是早早就做了…………虽然斯达夫没有坚持下去"
"Facebook","2020/02/27 協志臉書截圖 孙协志超话"
"Facebook","#JENNIE[超话]# #JENNIE solo# 200227 RegiStar脸书更新JENNIE相关信息一则 翻译：BLACKPINK将于4月17号星期五出演泰国的宋干Super Festival"
"Facebook","挨居和脸书最可惜的一点就是不能原图发布，什么图发上去都糊得不行！ 脸书每打开一次都会怀疑我用的和别人用的不是一个软件，它真的太难用了！（时长想要人来教我玩脸书 脸书的搜索功能都没有时间线的[暈]"
"Facebook","敢缩在脸书上逼逼也不敢来微博直面问题，还好意思说“造成工作室名誉损害”，宁脸真是大过天 ，我曾经还期望过在北美能收到醉死当涂，这下好， @留守番rusuban 托宁的福，全没了"
"Facebook","我的善逸真的好招人盗图ho 拼多多 脸书冒充账号 拿我善逸图去处对象 这次轮到营销号 我晕了"
"Facebook","怀着八卦的心情去看了下合作了很久的教授的脸书，是一个身在绿营在台湾工作+支持gd的hk人，这他妈以后要怎面对他，学术无国界？？？？？"
"Facebook","台湾的垃圾媒体借助新闻网、脸书、推特等平台经常造谣，丑化大陆人，现在我们的网民也聪明了，利用人数多的优势在各大平台为台湾制造新闻。"
"Facebook","人間有愛， 在脸書博文轉发后 得到捐赠得到医治太好了"
"Facebook","被奥委会警告后，反射弧超长的日本政府终于做出了反省......东京国立博物馆、京都国立博物馆相继从明天开始休馆 希望可以亡羊补牢 截图来自脸书 日本·东京"
"Facebook","防弹少年团超话 ！！！大家救救瓜和油管吧，投票也不能落下啊，iheart这里可以帮投，要是投不了或者懒得投都行，发个邮箱和脸书给我不用多久的，可天天返图"
"Facebook","发布了头条文章：《与死神拔河20天！刘真脸书首露面「最爱跳着舞的自己」》 与死神拔河20天！刘真脸书首露面「最爱跳着舞的自己」"
"Facebook","脸书上的一个名叫Yogi的汪，长得太像人了吧 （转）"
"Facebook","在美国叫内宣，在中国叫外宣，外宣给钱多// @wannathrive : @本帮- 你滚去美国在推特脸书上舔不好吗，为什么非得用汉字在微博上舔，是想让所有中国人民看到你贱的样子吗"
"Facebook","琼梁超话 Cr: 琼梁臉書 美女被偷拍了，怎麼回事 #自心# #琼梁#"
"Facebook","推 脸书的轮子和黄尸td的无脑黑看着肝疼，钓鱼的钓久了倒也乐不思蜀。 墙内小粉红当道更像是卑微下属在擦皮鞋，公知们你一句我一句说多了你便是脑瘫患儿。 咱就不能就坐下来喝个靓早茶就事论事中和理性的谈一谈政治吗？ 这两个极端何时才能打破…"
"Facebook","台湾地区新冠病毒肺炎到今天下午新增1例，为第27例的孙子、第28例的儿子，这个病毒现在在台湾传内不传外，似乎有变异成遗传病的倾向？ 不过从脸书上泄露出的台湾信息来看，当地局势似乎不容乐观？ #拯救湾湾# #抗疫行动#"
"Facebook","繁星相宋超话 刷个臉書 ??了"
"Facebook","江美琪超话 排練前先拉筋??距離上次綠島小夜曲演出已經是快半年前的事了！！今天排練呈現有點失憶的狀態???????? 2/29~3/1台中歌劇院見????（转小美脸书）"
"Facebook","日本建筑师玉上貴人在脸书上发了一张图，说当年他刚毕业时，有前辈建筑师给他这个三维测试题，说“如果理解不了这个就没做建筑的资格”……，谁来试试？可以勾一勾这个形体，我琢磨半天想出一种"
"Facebook","脸书上的新闻跟大家看的国内新闻真的是一个天一个地，完全两面派，真的是看过靠自己判断你要相信哪一些说辞"
"Facebook","又一个新的人生阶段，今日启程， 只想感恩上天的眷顾。 另附一张脸书上加拿大朋友的居家照片，和你分享 奥地利·维也纳"
"Facebook","迪丽热巴超话 @Dear-迪丽热巴 『雪碧』臉書封面 (Facebook/雪碧) #雪碧品牌代言人迪丽热巴#"
"Facebook","20200225第一千零五十九次打卡 @许魏洲ZZ 雜誌《男士健康Men's Health 二月刊》內頁釋出 緬甸雜誌《POSH》臉書更新釋出封面及封底並加贈單人海報"
"Facebook","#许光汉章若楠 你的婚礼# 来大陆捞钱 先去脸书 ins 上表明一个中国原则 别当了XX 还立牌坊 豆瓣都给你扒皮了"
"Facebook","吴青峰超话 環球音樂臉書 sodagreen超话 #苏打绿合体# #TWBF #苏打绿[超话]#"
"Facebook","东森新闻脸书标题： 只要是华人都会被认为是大陆人吗？ 大陆人一词，一直在台湾是台独政权反中人士的标有名词，现在台独问你是哪里人，是大陆人吗？ 是的，我是大陆人。 他娘的，就联想到武汉新冠状病毒。矮唷，有病毒吗？ 其带有讽刺及鄙视的名词，而且越演越咧。"
"Facebook","第五人格卖号超话 笼蝶亚服裸号有人要嘛，秒解绑，自带推，特或脸书来绑。ID:星觅，战队:揽月。淡游了卸载了"
"Facebook","张瀚元超话 瀚元臉書更新 今晚期待小元的告白 雖然失敗的機率很高 但還是抱持著樂觀 希望小元能擄獲芳心"
"Facebook","陈楚河的帮超话 陈楚河超话 #陈楚河国际粉丝会# 周晓涵超话 老大不要一直出現在在別人的臉書好嗎！????????"
"Facebook","曾经看到一个网路井蛙在脸书评论底下说：我们台湾的淘宝是大陆复制我们的电子商务领域的。 他娘的，我饭快喷出来了。 井蛙们，对，大陆的科技领域都是大陆剽窃台湾科技的，台湾是世界之光唷，开心吗？高兴了吗？所以你们要好好用台湾淘宝唷！ 鬼島天師阿強的微博视频"
"Facebook","看阿信最近脸书po的乐高 想起来柜子里还有一个别人送的哆啦A梦 心血来潮玩一下 可是一不小心把胡子拼成了蓝色"
"Facebook","#台湾新冠肺炎确诊病例增至30例# 国现在在干什么？据说总统她在耍脸书…继续各种摆拍照片…如果抵抗不了疫情记得求助大陆爸爸 咱们都是中国人…"
"Facebook","脸书上推送了 5年前的今天 兑了宝可梦 补了梨泰院 剪了发 明天开始 #有信念地生活# Good Nite 苏州"
"Facebook","臉書看到的笑話哈哈哈哈哥布靈殺手哈哈哈哈哈哈哈哈哈"
"Facebook","history3圈套超话 脸书突然登入，看到这些动态很暖心，很喜欢的副cp."
"Facebook","你們有臉書帳號嗎? 目測留言有人生攻擊及幸災樂禍 請幫忙舉 不回覆 不回覆 不回覆 根據該留言的情況選擇回應 直到出現P6的頁面 LINK HERE: 网页链接"
"Facebook","日本粉丝脸书晒出的2012年的非卖品专辑，東京都美术馆展会上的限定CD，目前二手价是5000多日元"
"Facebook","#脸书搬运工# #吴慷仁# 熟悉的帽子"
"Facebook","他們在臉書上面照樣慶生喝酒聚會??我老人家現在是帶原者[攤手]感覺好像睡了一整天，早上起來睡回籠覺下午睡午覺，還好下個禮拜就要出去玩了 #台妹# #超過五十歲# 不過還是應該要帶著口罩 #口罩# #流行性感冒# 台湾·台北"
"Facebook","考古 关于昇玟的传言 我朋友的朋友是金昇玟 是清潭高舞蹈社团成员昇玟尼 去庆典&amp;赞助商演跳完舞回来 别人就会因为想和他做脸书好友引起骚动 隔壁学校来过赞助 因为跳舞跳的好 长的好看 人气超级??"
"Facebook","防弹少年团超话 脸书这么高的点击率视频，岂能不给wuli米儿看￣ ￣)σ，好帅气 视频来自 网页链接 糖糖ARMY丶BTS的微博视频"
"Facebook","脸书看到的资讯 原来大马也可以看到一大片的向日葵园?? @Alanchenart 可以带喜欢??的 @陈乔恩 去哟！"
"Facebook","晒晒我得到的高糊图，虽然很糊但真的很好看啊啊啊，高糊图都这么好看，哥哥们太绝了 吴世勋超话 边伯贤超话 朴灿烈超话 (这三帅哥的图源：脸书)"
"Facebook","坂本龙一超话 脸书转发了柏林电影节官方ins发出的约翰尼·德普参加新片《水俣病》展映时的照片。 《水俣病》一片由 #坂本龙一# 配乐。 原文： 网页链接"
"Facebook","#生物医药# 美官员表示，数以千计的俄国相关推特、脸书和ins账号不断传播假消息，声称美国是中国爆发的冠状病毒肺炎的背后黑手、比尔盖茨也牵涉其中 。"
"Facebook","哈哈哈哈哈我教授都快哭出来了。带着这样的表情还在发脸书炫耀哈哈哈哈哈哈哈。之后唠嗑唠了一个小时。 收到了教授的推荐信，收到了其他人送的祝贺蛋糕和家人的拥抱。 很开心。"
"Facebook","花式翻跟头 #facebook# #脸书搬运# #花式# #实力装逼小哥# #搞笑幽默# 视频转自Facebook:  OkChicas 全球脑洞总部的微博视频"
"Facebook","泡泡哥超话 #popethanawat# 2020.2.22 泡泡哥脸书更新"
"Facebook","赖冠霖超话 #赖冠霖ins# 是去年五月fm的小赖呀，因为有人在我之前台湾fm repo要图所以就一起放上来啦，是举办方脸书的图（设定了微博不带水印了不知道有没有成功,要的小朋友自己抱走） @赖冠霖_Edward"
"Facebook","林煐岷超话 200221绿树财团脸书更新相关 ??我 林煐岷 #不会对校园暴力视而不见 (正义的小面包)"
"Facebook","马里奥·毛瑞尔超话 @马里奥毛瑞尔MarioMaurer 元旦看到圖四頭髮是短的，就猜到是續約了拍了新廣告，結果人家小空調家官方臉書封面都換了幾輪了，廣告片也放了四五天了，我們小甜崽儿才想起來營業！ 代言人你可得勤快點兒啊，收了人家新年禮物(圖五)你可別忘了！"
"Facebook","#日本将恢复从中国进口口罩# 还是别了吧，咱现在自己都不够用呢！ 日本可以找找蛙蛙，保证还没开口，菜菜子马上倾囊相助，把自己的存货全送过去，再在脸书用日文拍拍马屁！"
"Facebook","#Saint 可爱# 丨 #泰剧缘来誓你# 20200221 WhyRUtheseries 脸书更新 是兔叽"
"Facebook","艋舺夜市後段，應該很少人去，在那吃了豬肉鐵板燒和臭豆腐，回來又買了雞肉串、旗魚蛋和豬血糕最後搭公車回家(食物照在我臉書和ims) 發柴發柴的微博视频"
"Facebook","我真是劝有些欧美粉看不起韩圈也别瞎奶，根据我这假粉的经验，万一哪天你主子在脸书推特艾特一下我们家，偷摸着就合作的，真是也未可知啊。音乐无国界，分什么高低贵贱呢。"
"Facebook","台湾政论节目无下限 ，添油加醋诋毁大陆抗疫行动。 这个视频传到脸书两岸交流群里去了，给这些无耻的名嘴加深点印象。 悄悄围观的微博视频"
"Facebook","投稿，求助，想买油皮（真的很油）可以用的爽肤水，偶尔有一两颗痘痘，额头和脸书有些闭口，茵芙莎的流金水对我来说有点太润啦，姐妹们有其他推荐吗，谢谢啦！"
"Facebook","DWG官方更新脸书 上传了昨天赛场的照片~ cr：DWG-fb #英雄联盟# #2020LCK#"
"Facebook","李泽言超话 脸书上的一位台湾的coser 大家品一品 我太可了 Tsun越尊 大家可以去微博看看也有其他一些老李的 我放一些 真的太好看了 我尖叫—— 越尊的主页"
"Facebook","恋与制作人凌肖超话 脸书上的一位coser ID是Tsun越尊 真的太好看了 推特也可以搜到 不过大部分作品应该都在脸书上 看了微博暂时好像没有发肖的 其他角色也诠释的超棒 不打扰放一下主页 越尊的主页"
"Facebook","翻到15年年末的胜宽翻唱BUMZU的《28.5》 两部手机 一个耳机 一个收音的 就完成了一次cover 是一首非常好听的抒情曲 （一个TMI 小葵参与了MV的录制 在Q音可以看14年的小葵） ?????????? _Erdbeere的微博视频"
"Facebook","zoning的话题欧还是很感兴趣的。岩田录的油管一出来，高山就在脸书上进行了反驳。看过后。个人同意高山的更多。。。这个世界什么时候都是不缺评论家。。。貌似两个人以前共过事。。。难道有私仇？ 301 Moved Permanently"
"Facebook","2020/02/20 蔡尚樺臉書截圖&amp;部分照片 孙协志超话"
"Facebook","Denis邓超话 阮陈忠君超话 Cr: 助理臉書 助理正在聽黑衣小哥Chou Dang Khou的歌曲，原來之前就認識了嗎？周小哥是真的帥 #自心# #denis邓# #阮陈忠君#"
"Facebook","琼梁超话 Cr: 琼梁臉書 原來下水拍攝不是因為電影，是因為珍珠項鏈的廣告！拍得超級美麗，還有英文字幕，哦哦哦哦，我又可以了 #自心# #琼梁# 蓮君傾心的微博视频"
"Facebook","退选了，难道是没钱？ 彭博竞选先花四亿买推特，脸书，优吐广告，谁有钱上啊，真想把川普搞下来，否则这下去再过几十年美国和我们真没区别啦！ 下回天朝派马爸爸去选！ American·Massachusetts Middlesex"
"Facebook","不管是IG還是推特我的帳號都是lichlute 比起來各平台的功能性還是不一樣的 臉書的限制比較多, 我這個帳號會比較多發日常生活的東西。 IG可能什麼類都發 推特沒尺度，整個猛。 之前都沒有在經營 ??"
"Facebook","美国国务卿老疯狗蓬佩奥：谴责中国“驱逐”《华尔街日报》的三名记者。那你就谴责呗，还要证据嘛，那么多阵亡在脸书和推特上的账号还不够？ 哦，对了。中国都开始援助日本医疗资源了，美国说好的那一个亿呢？ #中方向日本捐赠核酸检测试剂盒# #华尔街日报辱华#"
"Facebook","那个因为病毒疫情在脸书上发表辱华歧视言论的意大利市长Solto Collina道歉了 蓝家那个姓魏的有点皮的微博视频"
"Facebook","姜大聲超话 【Facebook】20191208Gyu Hur 脸书更新大聲相关图1P cr：Gyu Hur  资源：酥酥 蛮蛮 #活抓一只顺毛聲?? #"
"Facebook","DAY6超话 @DAY6Official 朴再兴超话 【相关】200220 DIVE Studios更新一则： HWAITING! Ep. #2# 可在脸书上观看啦. ?? 走起: 网页链接 你们支持谁呢? &lt;资源:??&gt;"
"Facebook","2020/02/20 協志臉書截圖 祝福團長大人生日快樂?? 孙协志超话"
"Facebook","DuaLipa超话 【来自华纳台湾脸书】 危險系繆思女神教你提高免疫力 DuaLipaChina的微博视频"
"Facebook","神户大学的岩田健太郎教授上传到油管的有关告发“钻石公主号”上混乱悲惨场面的视频火了之后，里面提到的“厚生劳动省某人”，也就是厚生劳动省的行政医师高山义浩在脸书上发表了有关声明。?? 对岩田健太郎教授视频的反驳 301 Moved Permanently"
"Facebook","反正找不到源頭就是擴散了啊！今天還有人在臉書上說遇到日本人沒戴口罩會害怕，真的是蔣幹畫 台湾·台北"
"Facebook","剛才在臉書上面看到的分享！白頭髮的帥哥我可以打包帶走嗎？歐爸看一下這邊 #超過五十歲# #女人的权力# @杨童 別怪姐姐看不上你，可能是因為你太年輕 台湾·台北"
"Facebook","Facebook sued by the IRS for $9 billion in unpaid taxes# “脸书”涉嫌逃税90亿美元被国税局告上法庭。 网页链接"
"Facebook","朴正民超话 | 200218 #狩猎的时间# Dingo Movie直播预告视频 今晚 韩国时间八点 在Dingo Movie油管和脸书见 李帝勋超话 安宰弘超话 崔宇植超话 #朴正民# 朴海秀超话 世风不靖的微博视频"
"Facebook","少康节目的脸书，专门放了昨晚的澄清片段，不过下面的网友评论（包括台湾网友）有点翻车"
"Facebook","有台湾网友在脸书上心酸嘲讽：“需要钱的时候，欢迎台商回台，一起投资台湾；觉得麻烦的时候，一律挡在外面，最好都不要回来。” 拒陆配子女返台 台当局好“毒”"
"Facebook","#FGO# 艾蕾和伊什塔尔的视频通话 原作者脸书 @gachahelllyoo 退堂鼓模拟器的微博视频"
"Facebook","#武汉病毒所陈全姣声明# 轮子，东突，港独，台独，很多，等等，微博已经跟脸书差不多了，该管管了，别跟脸书一个下场"
"Facebook","刘亦菲花木兰正式预告在ig 脸书和推特上的热度(第一第二第四)"
"Facebook","赖雅妍超话 【妍。電影】 轉自 逃出立法院 臉書 网页链接 防疫的同時，也要跟團團一起關注我們熊穎穎的最新動態！ #賴雅妍# #417逃出立法院#"
"Facebook","看着日本好像还没有暂停大型活动，好害怕疫情在日本扩散，他们还捐了口罩，市面的口罩又被买空了。有没有懂日语的能在油管，推特，脸书上告诉他们疫情的重要性。 #新冠肺炎已开始在日本流行# #东京马拉松# #日本万人裸祭#"
"Facebook","BieSukrit_W超话 是网速限制了我，其实我无时无刻都想刷ins的 想看油管 想看脸书 需要某人 I need somebody Monroe_MM的微博视频"
"Facebook","金贤重超话 贤重脸书更新"
"Facebook","正泰超话 ?? 正泰cp超话 ??HTH?? 【回忆系列之那年今日】 140217 官方脸书更新："
"Facebook","2020/02/16 協志臉書截圖 5456=我是56 孙协志超话"
"Facebook","朴智旻超话 【191013】 脸书更新Jimin day??"
"Facebook","金硕珍超话 【161204】 脸书更新Jin day??"
"Facebook","田柾国超话 【160901】 脸书更新Jungkook day ??"
"Facebook","朴智旻超话 【151013】 脸书更新Jimin day??"
"Facebook","问问斯诺登就行！"
"Facebook","RDJ超话 从脸书上翻到的，jio得挺好看的。"
"Facebook","20年属实特殊 我想去发个脸书 Bang ?? 鄂尔多斯"
"Facebook","p1__5是为迷信20200202 20:20拍的，实际上是接近20:30拍的哈哈那都不重要 p6是我在脸书上认识的一个越南小姐姐很可爱 人也很好，我们那翻译器聊了很久"
"Facebook","最近新聞太多負能量了 今天臉書跳出一段舊視頻 跟大家分享，散播點歡樂 想了解青少女喜歡什麼，就加入她唄 那天晚餐後，女兒對著鏡子跳舞，老爸亂入 影片當時上了台灣媒體 評價是：女兒不錯，爸爸像中邪... 若反應熱烈，有續集喔~ 台湾·新北市 岑永康Sam的微博视频"
