陈秀丽630,2020-02-10 20:52, 陈秀丽 #陈秀丽# 谢谢新加坡晚报报道 @联合晚报新加坡 #脸书# ​
华闻周刊,2020-05-04 18:00,【Video|#扎克伯格# 最新“颠覆性”表态：未来就是私密】隐私是小扎今年脸书F8大会演讲的主题，也是#脸书# 眼下面临的最大挑战。“未来是私密的，这是我们未来服务的新篇章。”他开门见山地说。难道社交媒体通讯要改革了？ L 华闻周刊的微博视频 ​
见闻实时新闻,2020-07-27 02:38,【快讯】Facebook市值盘中缩水逾1000亿美元，为美国股市历史上个股首次出现。（CNBC）(华尔街见闻7x24直播 不止是快) O 实时快讯 #Facebook# Facebook FB #脸书# #脸谱# ​
ES小哥,2020-02-15 10:13, facebook #跨境电商# #外贸独立站运营# #亚马逊# #Shopify# #ins# #新浪微博# 某单一设备不能因为#Facebook# #脸书# 账号出问题就立即在该设备上重新注册新账号，更何况还是重复操作十几次，这样子就进入恶性循环了，还有可能被Facebook系统标记为黑户记录的风险。#社交媒体# 账号也是很珍贵的
yinyinaa,2020-02-18 21:28,求个脸书推特油管的教程#脸书# ​
星洲伴我行,2020-02-11 16:00,#大马# 副首相旺阿兹莎表示，脸书 #Facebook# 已同意跟本地执法单位合作，包括呈报及取下任何出现在脸书上的不法内容，包括涉儿童的色情及性骚扰内容。她说，她已在两周前与大马脸书公司的代表达成协议，将会加强执法单位与脸书之间的合作，同时协助当局加强执法行动。她今日在马来西亚20 ​  c
小火箭上网,2020-02-07 11:32, 小火箭 #ins# #科学上上网# #脸书# #推特# 有小火箭 ，需要的滴滴  1350283016 ​
科技君的眼镜,2020-01-29 07:14,#脸书# #科技# 扎克伯格称：AR/VR将解决住房危机，可以让员工远程工作 L 科技君的眼镜的微博视频 ​
飛天爺爺Eric,2020-01-28 21:24,吹一陣大叔Vlog 5：在Facebook落廣告=自掘墳墓？想增加Facbook專頁人氣？很多人選擇在Facebook落廣告，小心中伏！隨時愈賣愈無人氣，出post無人看！過來人話你知，真相原來很殘酷。- - - - - - - - -其他影片：O 网页链接 #facebook# #脸书# #廣告# #Vlog# #拍片# ​  c
Richie-66,2020-01-20 08:09,sheki-MNL48#脸书# ​
量妹力学,2020-01-15 17:36,黄雨萱要是发微博故事钓个鱼马上就能抓到王全胜 还找这么久呢！ #脸书 真的不行# ​
粤港澳小小胖,2020-01-14 17:29,请叫我「耿直boy」#小小胖的日常# #吐槽大会# #推特# #脸书# ​
说个铲铲V,2020-01-11 13:23,本月脸书广告ROI=12你敢信吗 小徒弟说下周开始可以嗑瓜子迎新年了#跨境电商# #脸书# ​
不不兔子,2020-01-10 13:51,FB的每一步都小心翼翼…走几天还是掉坑里… 好难#脸书# #禁用# ​
迪拜中阿卫视,2020-12-18 10:06,#脸书# #阿联酋# 【 Facebook开始对阿联酋广告征收增值税】近日，社交媒体Facebook宣布，已开始对阿联酋的广告征收增值税。在给阿联酋用户的一份通知中，该公司表示，由于阿拉伯联合酋长国施行增值税，Facebook现在被要求对阿联酋销售广告征收5%的增值税。通知指出，税务登记号码可以在Facebook企业账户 ​  c
亜乂艸,2020-12-14 16:18,出动！#香港抗暴中的爱国艺人# #爱国青年网络出征# #香港局势# #撑香港警察护香港安宁# #脸书# #facebook# #推特#
全球脑洞总部,2020-12-06 23:36,继续分享一个巨火的土耳其小哥的做菜视频#脸书# #脸书搬运# #美食# #土耳其# #土味视频# 视频转自Facebook: Habersizsiniz  L 全球脑洞总部的微博视频 ​
41财经小霸王,2020-12-06 18:29,《美国松口 Libra将发行？Libra或将成为全球首发数字货币》 Libra背后牵动不单数字货币，还有政治、经济、金融、社交、言论……，Libra牵一发而动全身。#脸书# #Libra之父听证会遭连续追问# O 美国松口 Libra将发行？Libra或将成为全球首发数字货币 ​
巴顿微语,2020-12-04 11:28,【要命的是人才流失】@香港大学官方微博 医学院长梁卓伟教授昨天在#脸书# 著文，痛陈@CUHKMBA-香港中文大學 和@香港理工大学PolyU 校园颓垣败瓦，令其作为高教界一员实在心如刀割。校园损毁纵使严重也只是“皮外伤”，大学变成战场，教学科研无法进行，人才才是大学的命脉，“内伤”将带来异常深远的影 ​  c
后生影记,2020-11-29 16:09,社交网络 ，#后生•打卡影记# 第115天 《社交网络》• 我们应该让天才拥有缺陷。• 昆汀的《好莱坞往事》因为李小龙事件被迫下线，这个老头很是无耐，不知道自己做错了什么，拒老头所讲这段李小龙的描述是有历史依据与历史判断的，所以老头很生气拒绝剪辑 ​  c
BeatleNews,2020-11-17 09:34,Libra测试网在9月17日后重置后，7周内处理51000笔交易，已经部署了34款应用， 包含10款钱包，11个区块链浏览器2个IDE，1个Api以及11个客户端， 对于一个还未正式上线的测试网，这份成绩单非常不错了但大公司做行业创新依然困难重重，反而不如小公司行动的快，因为世界的监管都在盯着#libra# #脸书# ​  c
香港文匯網,2020-02-11 15:51,【#公开呼吁删除Facebook# 马斯克：它太烂!】特斯拉(Tesla)行政总监马斯克(Elon Musk)近日于Twitter上发文呼吁删除#Facebook# ，指「它太烂了」(It’s lame)。O 网页链接 ​
宸清枫,2020-02-15 18:24,【扎克伯格的时间管理法】全球最年轻亿万富豪宝座的Facebook创始人马克·扎克伯格，为了提升员工的工作效率，亲自做了这26张PPT。本文分享了来自Facebook内部的26张PPT，希望能让你快速提升工作状态！ #扎克伯格# #时间管理# #facebook# ​
FNATIC电子竞技俱乐部,2020-11-05 13:27,#Fnatic# #facebook# 我听说...Facebook改名叫FACEBOOK了？？好吧，那你们是喜欢FNATIC、Fnatic还是fnatic呢 ​
一支佑三膏,2020-11-05 13:27,女朋友，这个纹身太漂亮了#Facebook# #gmail# #谷歌邮箱gmail# #twitter账号# #telegram# #instagram注册# 2 深圳 L 一支佑三膏的微博视频 ​
小盆儿友Cocco,2020-02-28 17:59,【吳文遠爆馮程受查罪成　終院拒批上訴須即時入獄服刑】#今天是什么日子# 這麼多好消息#香港# 社民連主席吳文遠於2016年4月被指透過新聞媒體及#Facebook# 等，向公眾披露時任民政事務局常任秘書長馮程淑儀為廉政公署受調查人身份等資料，前年被裁定3項披露受調查人身份等資料罪全部成立 ​  c
河洛君,2020-02-28 16:42,#科技的温度# 【微软因担忧冠状病毒退出GDC游戏会议】Xbox制造商#微软# 今天宣布，它将不会参加今年在旧金山举行的游戏开发者大会，这凸显出人们对冠状病毒爆发的担忧。公司表示：经过全球卫生当局对指南的仔细审查，并出于谨慎考虑，我们做出了艰难的决定，退出参加2020年旧金山游戏开发者大会的决定 ​  c
益盟操盘手,2020-02-28 16:22,受疫情影响，Facebook取消年度开发者大会Facebook周四宣布，由于担心新冠病毒的扩散，该公司将取消一年一度的F8开发者大会，这原本将是该公司今年最大的一次活动。Facebook开发者平台和项目总监康斯坦丁诺斯·帕帕米尔蒂亚迪斯发表声明称：“这是个艰难的决定——F8对Facebook来说是极其重要的大会，也 ​  c
GPLPCN,2020-02-28 09:41,【#Facebook# 取消F8开发者大会】2月28日，社交媒体Facebook（FB.NASDAQ）宣布，由于担心新冠病毒的扩散，该公司将取消一年一度的F8开发者大会。F8开发者大会原定于5月5日和6日在圣何塞·麦肯尼会议中心举行。另外，该公司还取消了原定于3月在旧金山举行的一次营销峰会。此外，Facebook还在上周宣布退 ​  c
无邪Jim,2020-02-27 22:32,#Facebook instagram twitter即将加入HMS# 。如果消息属实，这将是华为HMS在国外取得的重大进展。💪💪💪 ​
牛奶泡芙和芝士,2020-02-26 07:35,#facebook# 我觉得脸书上很多黑中国的信息，好讨厌！ ​
heyimstella,2020-02-24 11:22,Fb客服真是太不专业，理解力差经常答非所问，跟ta提出来之后依然一脸懵逼一直扯开话题，真是怀疑他们的语言理解能力 #Facebook# ​
Repubblicca,2020-02-22 20:30,现在#索尼# 和 #Facebook# 表示它们将不会参加下月在旧金山举行的 GDC 2020。两家公司表示，出于对员工、合作方和 GDC 社区的健康安全考量，它们将以线上活动的形式分享最新信息。活动主办方发言人表示，今年活动将按原定计划举行，组织者将会采取必要的措施，确保参展人安全。 ​
览潮,2020-02-21 10:33,【#索尼# 与#Facebook# 因疫情退出游戏开发者大会】据国外媒体影响，本周四Facebook与索尼两家公司宣布，由于对冠状病毒的担忧，他们将不会参加下月在旧金山举行的游戏开发者大会。O 网页链接 ​
Telegram美国号码,2020-02-21 10:01,公园重新开放了，出来透透气。#telegram# #Facebook# #twitter账号# #instagram注册# #谷歌邮箱gmail# 2 深圳 ​
ES小哥,2020-02-15 10:13, facebook #跨境电商# #外贸独立站运营# #亚马逊# #Shopify# #ins# #新浪微博# 某单一设备不能因为#Facebook# #脸书# 账号出问题就立即在该设备上重新注册新账号，更何况还是重复操作十几次，这样子就进入恶性循环了，还有可能被Facebook系统标记为黑户记录的风险。#社交媒体# 账号也是很珍贵的
馬貫東香港後援會,2020-02-20 20:11,"20200220 #Facebook# #轉載# 💙 #thankyou# /#仨心友行# #WalkingWithYou# #EP12# #照片# /馬來西亞 Astro 華麗台即將播出《仨心友行》嘅最後三集 (EP10, EP11 &amp; EP12) , 壓軸登場嘅嘉賓就係我哋阿東喇！等多幾個星期，香港都會跟住播出！ #敬請期待# /#maboboma# #馬貫東# #MarkMa# / ​  c"
鄙人舞风者,2020-02-20 15:52,#Facebook中国员工跳楼身亡# #Facebook# 对等，我很满意自己的主业，倒是副业让我很头疼，总是力不从心。 O 你觉得自己的工作投入和回报对等吗？ ​
GPLPCN,2020-02-20 14:06,【#Facebook# 再被起诉：向FTC多付20亿美元罚款使小扎逃脱责任】据外媒报道，美国罗德岛州对Facebook提起诉讼，迫使该公司提交与向美国联邦贸易委员会（FTC）支付50亿美元巨款一事相关的文件。Facebook向FTC支付这笔罚款，是由于剑桥分析事件之后该公司所面临的指控。但在罗德岛州看来，该公司向FTC多 ​  c
河洛君,2020-02-20 13:57,#Facebook再被起诉# 罗德岛州是不是认为#Facebook# 和FTC有密切的别的关系？否则为什么多向FTC支付20亿美元的罚款？扎克伯格最近日子越来越不好过，国内一片骂声，不断收到传票，国外也是一片骂声，一堆传票。看来#扎克伯格# 的经营思路需要改变一下了，跨界吧，说相声！@郭德纲 ​
TimetoFlyyy,2020-02-19 20:52, instagram #推特# #Facebook# #ins# #分享instagram# #instagram更新# #instagram教程# #instagram注册# 有姐妹要v屁n吗，我用着还不错，分享给大家！  O 网页链接 ​
Gmail邮箱注册,2020-02-18 22:26,这脚趾甲做的太漂亮了。#Twitter# #gmail# #Facebook# #telegram# #instagram注册# 2 深圳·景丽瑜伽培训学院 ​
陈秀丽630,2020-02-10 20:52, 陈秀丽 #陈秀丽# 谢谢新加坡晚报报道 @联合晚报新加坡 #脸书# ​
华闻周刊,2020-05-04 18:00,【Video|#扎克伯格# 最新“颠覆性”表态：未来就是私密】隐私是小扎今年脸书F8大会演讲的主题，也是#脸书# 眼下面临的最大挑战。“未来是私密的，这是我们未来服务的新篇章。”他开门见山地说。难道社交媒体通讯要改革了？ L 华闻周刊的微博视频 ​
见闻实时新闻,2020-07-27 02:38,【快讯】Facebook市值盘中缩水逾1000亿美元，为美国股市历史上个股首次出现。（CNBC）(华尔街见闻7x24直播 不止是快) O 实时快讯 #Facebook# Facebook FB #脸书# #脸谱# ​
ES小哥,2020-02-15 10:13, facebook #跨境电商# #外贸独立站运营# #亚马逊# #Shopify# #ins# #新浪微博# 某单一设备不能因为#Facebook# #脸书# 账号出问题就立即在该设备上重新注册新账号，更何况还是重复操作十几次，这样子就进入恶性循环了，还有可能被Facebook系统标记为黑户记录的风险。#社交媒体# 账号也是很珍贵的
yinyinaa,2020-02-18 21:28,求个脸书推特油管的教程#脸书# ​
星洲伴我行,2020-02-11 16:00,#大马# 副首相旺阿兹莎表示，脸书 #Facebook# 已同意跟本地执法单位合作，包括呈报及取下任何出现在脸书上的不法内容，包括涉儿童的色情及性骚扰内容。她说，她已在两周前与大马脸书公司的代表达成协议，将会加强执法单位与脸书之间的合作，同时协助当局加强执法行动。她今日在马来西亚20 ​  c
小火箭上网,2020-02-07 11:32, 小火箭 #ins# #科学上上网# #脸书# #推特# 有小火箭 ，需要的滴滴  1350283016 ​
科技君的眼镜,2020-01-29 07:14,#脸书# #科技# 扎克伯格称：AR/VR将解决住房危机，可以让员工远程工作 L 科技君的眼镜的微博视频 ​
飛天爺爺Eric,2020-01-28 21:24,吹一陣大叔Vlog 5：在Facebook落廣告=自掘墳墓？想增加Facbook專頁人氣？很多人選擇在Facebook落廣告，小心中伏！隨時愈賣愈無人氣，出post無人看！過來人話你知，真相原來很殘酷。- - - - - - - - -其他影片：O 网页链接 #facebook# #脸书# #廣告# #Vlog# #拍片# ​  c
Richie-66,2020-01-20 08:09,sheki-MNL48#脸书# ​
量妹力学,2020-01-15 17:36,黄雨萱要是发微博故事钓个鱼马上就能抓到王全胜 还找这么久呢！ #脸书 真的不行# ​
粤港澳小小胖,2020-01-14 17:29,请叫我「耿直boy」#小小胖的日常# #吐槽大会# #推特# #脸书# ​
说个铲铲V,2020-01-11 13:23,本月脸书广告ROI=12你敢信吗 小徒弟说下周开始可以嗑瓜子迎新年了#跨境电商# #脸书# ​
不不兔子,2020-01-10 13:51,FB的每一步都小心翼翼…走几天还是掉坑里… 好难#脸书# #禁用# ​
迪拜中阿卫视,2020-12-18 10:06,#脸书# #阿联酋# 【 Facebook开始对阿联酋广告征收增值税】近日，社交媒体Facebook宣布，已开始对阿联酋的广告征收增值税。在给阿联酋用户的一份通知中，该公司表示，由于阿拉伯联合酋长国施行增值税，Facebook现在被要求对阿联酋销售广告征收5%的增值税。通知指出，税务登记号码可以在Facebook企业账户 ​  c
亜乂艸,2020-12-14 16:18,出动！#香港抗暴中的爱国艺人# #爱国青年网络出征# #香港局势# #撑香港警察护香港安宁# #脸书# #facebook# #推特#
全球脑洞总部,2020-12-06 23:36,继续分享一个巨火的土耳其小哥的做菜视频#脸书# #脸书搬运# #美食# #土耳其# #土味视频# 视频转自Facebook: Habersizsiniz  L 全球脑洞总部的微博视频 ​
41财经小霸王,2020-12-06 18:29,《美国松口 Libra将发行？Libra或将成为全球首发数字货币》 Libra背后牵动不单数字货币，还有政治、经济、金融、社交、言论……，Libra牵一发而动全身。#脸书# #Libra之父听证会遭连续追问# O 美国松口 Libra将发行？Libra或将成为全球首发数字货币 ​
巴顿微语,2020-12-04 11:28,【要命的是人才流失】@香港大学官方微博 医学院长梁卓伟教授昨天在#脸书# 著文，痛陈@CUHKMBA-香港中文大學 和@香港理工大学PolyU 校园颓垣败瓦，令其作为高教界一员实在心如刀割。校园损毁纵使严重也只是“皮外伤”，大学变成战场，教学科研无法进行，人才才是大学的命脉，“内伤”将带来异常深远的影 ​  c
后生影记,2020-11-29 16:09,社交网络 ，#后生•打卡影记# 第115天 《社交网络》• 我们应该让天才拥有缺陷。• 昆汀的《好莱坞往事》因为李小龙事件被迫下线，这个老头很是无耐，不知道自己做错了什么，拒老头所讲这段李小龙的描述是有历史依据与历史判断的，所以老头很生气拒绝剪辑 ​  c
BeatleNews,2020-11-17 09:34,Libra测试网在9月17日后重置后，7周内处理51000笔交易，已经部署了34款应用， 包含10款钱包，11个区块链浏览器2个IDE，1个Api以及11个客户端， 对于一个还未正式上线的测试网，这份成绩单非常不错了但大公司做行业创新依然困难重重，反而不如小公司行动的快，因为世界的监管都在盯着#libra# #脸书# ​  c
香港文匯網,2020-02-11 15:51,【#公开呼吁删除Facebook# 马斯克：它太烂!】特斯拉(Tesla)行政总监马斯克(Elon Musk)近日于Twitter上发文呼吁删除#Facebook# ，指「它太烂了」(It’s lame)。O 网页链接 ​
宸清枫,2020-02-15 18:24,【扎克伯格的时间管理法】全球最年轻亿万富豪宝座的Facebook创始人马克·扎克伯格，为了提升员工的工作效率，亲自做了这26张PPT。本文分享了来自Facebook内部的26张PPT，希望能让你快速提升工作状态！ #扎克伯格# #时间管理# #facebook# ​
FNATIC电子竞技俱乐部,2020-11-05 13:27,#Fnatic# #facebook# 我听说...Facebook改名叫FACEBOOK了？？好吧，那你们是喜欢FNATIC、Fnatic还是fnatic呢 ​
硫逸ly,2020-11-05 13:27,吃瓜吃得差不多了@九畹畹鸭 就感觉，这次AO3翻车就不管什么举报不举报的，按照这种“一键封锁”的大环境，翻车也是迟早的啊，早年间的Facebook，Twitter，Tumblr啥的也是封禁到现在，而且ao3的有些tag是真的非常不pc，所以我们什么时候才能自由接受不同的声音呢？？？？？#ao3# #Facebook# #Twitter# ​  c
一支佑三膏,2020-02-29 21:49,疫情期间，宝妈这样带娃，辛苦了#gmail# #Facebook# #谷歌邮箱gmail# #twitter账号# #instagram注册教程# 2 深圳 O 网页链接 ​
河洛君,2020-02-29 15:40,#科技的温度# 【Facebook因冠状病毒担忧而取消F8】#Facebook# 已经确认，由于对新冠状病毒大流行的担忧日益加剧，已取消了其年度F8开发者大会。更具体地说，该公司表示正在取消“面对面的内容”-在F8的保护下，仍然可能会有视频演示以及直播和本地事件。同时，出于类似的考虑，包括#微软# 在内的公司也退 ​  c
最强大脑曾新异,2020-02-29 10:35,这么看，脸书的logo还是很有意义的，不仅仅是个F #这个假期放下手机# [日常广告]柔记的499优惠链接快到期了👉O 网页链接 我听柔宇的朋友说，前天下单的昨天已经发货了 曾新异 #facebook# 2 成都 ​
小盆儿友Cocco,2020-02-28 17:59,【吳文遠爆馮程受查罪成　終院拒批上訴須即時入獄服刑】#今天是什么日子# 這麼多好消息#香港# 社民連主席吳文遠於2016年4月被指透過新聞媒體及#Facebook# 等，向公眾披露時任民政事務局常任秘書長馮程淑儀為廉政公署受調查人身份等資料，前年被裁定3項披露受調查人身份等資料罪全部成立 ​  c
GPLPCN,2020-02-28 09:41,【#Facebook# 取消F8开发者大会】2月28日，社交媒体Facebook（FB.NASDAQ）宣布，由于担心新冠病毒的扩散，该公司将取消一年一度的F8开发者大会。F8开发者大会原定于5月5日和6日在圣何塞·麦肯尼会议中心举行。另外，该公司还取消了原定于3月在旧金山举行的一次营销峰会。此外，Facebook还在上周宣布退 ​  c
无邪Jim,2020-02-27 22:32,#Facebook instagram twitter即将加入HMS# 。如果消息属实，这将是华为HMS在国外取得的重大进展。💪💪💪 ​
牛奶泡芙和芝士,2020-02-26 07:35,#facebook# 我觉得脸书上很多黑中国的信息，好讨厌！ ​
heyimstella,2020-02-24 11:22,Fb客服真是太不专业，理解力差经常答非所问，跟ta提出来之后依然一脸懵逼一直扯开话题，真是怀疑他们的语言理解能力 #Facebook# ​
全球脑洞总部,2020-02-22 22:35,"看到友人在FB分享这个暖心的故事,希望你们看到：故事的开始是有一位网友晒出了两张讥讽的照片，这位胖胖的男子在派对上跟着音乐跳着舞，下一秒发现网友嘲笑地把镜头对准了他而自卑又尴尬的停下来。对于这种霸凌和歧视，许多女性网友站了出来，发了一封寻找信，她们为他单独组织了一个派对，一共有1 ​  c"
Repubblicca,2020-02-22 20:30,现在#索尼# 和 #Facebook# 表示它们将不会参加下月在旧金山举行的 GDC 2020。两家公司表示，出于对员工、合作方和 GDC 社区的健康安全考量，它们将以线上活动的形式分享最新信息。活动主办方发言人表示，今年活动将按原定计划举行，组织者将会采取必要的措施，确保参展人安全。 ​
览潮,2020-02-21 10:33,【#索尼# 与#Facebook# 因疫情退出游戏开发者大会】据国外媒体影响，本周四Facebook与索尼两家公司宣布，由于对冠状病毒的担忧，他们将不会参加下月在旧金山举行的游戏开发者大会。O 网页链接 ​
Telegram美国号码,2020-02-21 10:01,公园重新开放了，出来透透气。#telegram# #Facebook# #twitter账号# #instagram注册# #谷歌邮箱gmail# 2 深圳 ​
馬貫東香港後援會,2020-02-20 20:11,"20200220 #Facebook# #轉載# 💙 #thankyou# /#仨心友行# #WalkingWithYou# #EP12# #照片# /馬來西亞 Astro 華麗台即將播出《仨心友行》嘅最後三集 (EP10, EP11 &amp; EP12) , 壓軸登場嘅嘉賓就係我哋阿東喇！等多幾個星期，香港都會跟住播出！ #敬請期待# /#maboboma# #馬貫東# #MarkMa# / ​  c"
鄙人舞风者,2020-02-20 15:52,#Facebook中国员工跳楼身亡# #Facebook# 对等，我很满意自己的主业，倒是副业让我很头疼，总是力不从心。 O 你觉得自己的工作投入和回报对等吗？ ​
GPLPCN,2020-02-20 14:06,【#Facebook# 再被起诉：向FTC多付20亿美元罚款使小扎逃脱责任】据外媒报道，美国罗德岛州对Facebook提起诉讼，迫使该公司提交与向美国联邦贸易委员会（FTC）支付50亿美元巨款一事相关的文件。Facebook向FTC支付这笔罚款，是由于剑桥分析事件之后该公司所面临的指控。但在罗德岛州看来，该公司向FTC多 ​  c
河洛君,2020-02-20 13:57,#Facebook再被起诉# 罗德岛州是不是认为#Facebook# 和FTC有密切的别的关系？否则为什么多向FTC支付20亿美元的罚款？扎克伯格最近日子越来越不好过，国内一片骂声，不断收到传票，国外也是一片骂声，一堆传票。看来#扎克伯格# 的经营思路需要改变一下了，跨界吧，说相声！@郭德纲 ​
TimetoFlyyy,2020-02-19 20:52, instagram #推特# #Facebook# #ins# #分享instagram# #instagram更新# #instagram教程# #instagram注册# 有姐妹要v屁n吗，我用着还不错，分享给大家！  O 网页链接 ​
环球网,2020-02-29 08:10,"【韩国#新天地教会会长将接受检测# 】据韩国纽西斯通讯社刚刚消息，韩国新天地教会会长李万熙将接受新冠病毒检测。3月1日上午，首尔市长朴元淳在自己的脸书账号发布题为“新天地教总会长李万熙作为本次事件的核心责任人,请立即出面解决问题”的文章。朴元淳敦促李万熙等新天地教会人员向国民道歉， ​  c"
新浪新闻,2020-02-29 08:10,#新冠肺炎最新海外动态# 【#亚美尼亚确诊首例新冠肺炎病例# 患者有伊朗旅行史】亚美尼亚总理帕希尼扬（Nikol Pashinyan）3月1日在社交媒体脸书上宣布，该国确诊首例新冠肺炎病例，患者曾经前往邻国伊朗。这名29岁的男性患者28日从伊朗回国后感到不适，前去就医，随后确诊。亚美尼亚已经宣布关闭与伊朗边 ​  c
泰国网,2020-02-29 14:30,#海外抗疫日记# 【泰国罗勇尚泰商场大扫除全面消毒】泰国网报道，2月28日泰国罗勇府尚泰购物中心（Centralplaza Rayong）官方脸书账号对外发帖，商场方在获悉dtac工作人员曾前往高风险疫区国家后回公司坐班一事后，商场立即与商场内的dtac公司取得联系并协商相关事宜，dtac目前已让员工停工并在家隔离， ​  c
南京模范马路社区,2020-02-29 14:30,"据韩国纽西斯通讯社刚刚消息，韩国新天地教会会长李万熙将接受新冠病毒检测。3月1日上午，首尔市长朴元淳在自己的脸书账号发布题为“新天地教总会长李万熙作为本次事件的核心责任人,请立即出面解决问题”的文章。朴元淳敦促李万熙等新天地教会人员向国民道歉，要求李万熙本人以及全体新天地教会教 ​  c"
电商大虾,2020-02-29 14:30,#全球华人团结起来# 关于you站黄标的事情为什么对他们有影响参考 赵少康战情室的节目里面  陈凝观年代向前看的脸书都提到了因为说了武汉“肺炎”而减少了收入被you站打了黄标 ​
胡宇威吧,2020-02-29 14:30, 胡宇威Geo  胡宇威 #我在北京等你# #电视剧我在北京等你# 20200229 @胡宇威Geo 脸书/Ins发文【Back again...真佩服我自己 能蒙面 还能自拍】 ​ ​
华尔街见闻APP,2020-02-29 14:30,首尔市长朴元淳还喊话检察总长尹锡悦称，逮捕韩国新天地教会会长李万熙是目前检方应该发挥的作用。
Sayuto,2020-02-29 14:30,想到之前看的一个ted talk 大概说的是社交软件搜索引擎会过度customize你的搜索结果 然后他们就只会only feed u the information they think you want to see 最直观的例子是主讲人说 他的脸书里关注了conservatives 也关注了liberal 哪怕他自己是liberal party的支持者 他说也需要倾听不同的声音 结果 ​  c
小熊妮妮爱睡觉,2020-02-29 14:30, EXO ins 推特 脸书 瓜 ourplay chrome Vstar Lysn我基本都留了备份，如果我活过来就和姐妹们共享，这两天还是安分一点吧，反黑空瓶什么的还是可以做的，安利拉新饭也可以，实在无聊去考古收美图也行，大家一起加油活过去啊 ​
腌椰菜怎么可能知道,2020-02-29 14:30,心脏接受不了了不想刷微博惹～有事推特ins脸书联系 ​
Zhen宇·,2020-02-29 14:30,终于找到了苹果和安卓都可以用的vp嗯恩v屁皮n啦！看了#instagram注册教程# 原来脸书推特刷油管真的超级简单以后每天都可以追爱豆的 ins人气咯！ 超级好用的pc安卓iOS梯子   ​
全支宝还我血汗钱,2020-02-29 14:30, angelababy 终于找到了Twitter 油管 ins 安卓ios instagram 安装包 注册 教程vp嗯恩v屁皮nvpm很不错 超级好用的安卓iOS梯子 UNINE 金泰亨 李振宁 边伯贤exo 贾斯汀比伯 易烊千玺 水晶男孩 脸书 推特 真的超级简单以后每天都可以追 孟美岐、吴宣仪、杨超越、段奥娟、Yamy、赖美云、张紫宁、杨 ​  c
清莲幽香8,2020-02-29 14:30,我都迷感了，今天一堆人骂墙？知道今天什么日子吗？今天是云南昆明火车站恐怖袭击六周年啊，就是你们爱的脸书推特促成了当年的恐怖袭击啊我真的无语了 ​
老余师傅,2020-02-29 13:04,这张假图是由龙应台的这条脸书信息p出来的，发布时间与转评数据都对得上。不知道p这种假图的人是出于什么目的。 查看图片
泰国头条新闻,2020-02-29 13:04, 泰国社会头条 【药店免费赠送口罩获赞美】#全球疫情# #泰国疫情# #全球抗疫第一线# 泰国头条新闻社讯  据泰媒报道 近日，一名脸书网友发文对一家药店表示赞美。他称，那日自己走了5家药店，全被告知口罩皆已售空，买不到口罩。当他来到兰实这家名叫Sirivej的药店，却意外地得到这家店免费赠送的 ​  c
泰国网,2020-02-29 13:04,#泰国疫情# 【紧急！#泰国出现首例新冠肺炎死亡病例# 】泰国网报道，3月1日，泰国朱拉隆功医院医学院新兴疾病健康科学中心负责人Thiravat医生在个人脸书账号发帖称，1名确诊新冠肺炎的35岁泰国男患者于2月29日18:25逝世。据悉，该名患者生前是一名售货员，并无慢性基础疾病。#全球疫情# #全球抗疫第一线# ​  c
