"January 16, 2020",4.46141E+15,【潘建伟揭示量子计算发展三阶段】2019年，量子在人类科技进步中书写了浓墨重彩的一笔。谷歌实验证明了“量子优越性”，演示了量子计算具有超越经典超级计算机的计算能力。难道说，一场量子驱动的科技革命真的要来了？ 日前，由智识学研社、知识分子、赛先生和墨子沙龙主办，在北京召开的“2020年 ... 全文,446,搜狗高速浏览器,"{'id': 5305277466, 'screen_name': '安徽省科技厅', 'profile_image_url': 'https://tva3.sinaimg.cn/crop.34.0.158.158.180/005N2p1ogw1eminuoa8f5j306b04fjrj.jpg?KID=imgbed,tva&Expires=1583225648&ssig=6ktV5U613W', 'profile_url': 'https://m.weibo.cn/u/5305277466?uid=5305277466&luicode=10000011&lfid=100103type%3D1%26q%3D%E8%B0%B7%E6%AD%8C', 'statuses_count': 7542, 'verified': True, 'verified_type': 1, 'verified_type_ext': 0, 'verified_reason': '安徽省科学技术厅官方微博', 'close_blue_v': False, 'description': '', 'gender': 'm', 'mbtype': 0, 'urank': 14, 'mbrank': 0, 'follow_me': False, 'following': False, 'followers_count': 12577, 'follow_count': 41, 'cover_image_phone': 'https://tva1.sinaimg.cn/crop.0.0.640.640.640/549d0121tw1egm1kjly3jj20hs0hsq4f.jpg', 'avatar_hd': 'https://ww3.sinaimg.cn/orj480/005N2p1ogw1eminuoa8f5j306b04fjrj.jpg', 'like': False, 'like_me': False, 'badge': {'dzwbqlx_2016': 1, 'user_name_certificate': 1, 'china_2019': 1, 'feiyan_2020': 1}}",TRUE,安徽省科技厅,1,,IpLEle1jc,
"January 28, 2020",4.46578E+15,#亦世界??企业动态# 近日，区内企业北京天地祥云科技有限公司亮出经营成绩单，全年销售收入实现7.5亿元，同比增长两成以上。相关负责人表示，目前，公司凭借自身强大的运营能力以及快速响应的服务体系，服务的企业已达到600余家，其中包含了腾讯、阿里巴巴、百度、谷歌、京东等国际知名企业。,270,政务直通车,"{'id': 2590506062, 'screen_name': '北京亦庄', 'profile_image_url': 'https://tvax3.sinaimg.cn/crop.0.0.1080.1080.180/9a67fc4ely8g5rirxp1tij20u00u0jt6.jpg?KID=imgbed,tva&Expires=1583225040&ssig=ZxDi6hI31e', 'profile_url': 'https://m.weibo.cn/u/2590506062?uid=2590506062&luicode=10000011&lfid=100103type%3D1%26q%3D%E8%B0%B7%E6%AD%8C', 'statuses_count': 23765, 'verified': True, 'verified_type': 1, 'verified_type_ext': 0, 'verified_reason': '北京经济技术开发区官方微博', 'close_blue_v': False, 'description': '国际高端产业新区', 'gender': 'm', 'mbtype': 0, 'urank': 45, 'mbrank': 0, 'follow_me': False, 'following': False, 'followers_count': 972077, 'follow_count': 193, 'cover_image_phone': 'https://tva1.sinaimg.cn/crop.0.0.640.640.640/549d0121tw1egm1kjly3jj20hs0hsq4f.jpg', 'avatar_hd': 'https://wx3.sinaimg.cn/orj480/9a67fc4ely8g5rirxp1tij20u00u0jt6.jpg', 'like': False, 'like_me': False, 'badge': {'enterprise': 1, 'dzwbqlx_2016': 1, 'follow_whitelist_video': 1, 'user_name_certificate': 1, 'qixi_2018': 1, 'memorial_2018': 1, 'hongrenjie_2019': 1, 'china_2019': 1, 'macao_2019': 1, 'china_2019_2': 1, 'feiyan_2020': 1}}",TRUE,北京亦庄,1,国际高端产业新区,IrBkkDZCM,
"January 15, 2020",4.46101E+15,#科技资讯# 【量子物理学家潘建伟揭示量子计算发展三阶段】日前，在北京召开的“2020年新年科学演讲”聚焦量子信息革命，邀请著名量子物理学家、中国科学技术大学教授潘建伟作了题为“从爱因斯坦的好奇心到量子信息革命”的演讲。“量子计算的发展则要分为三个阶段。”潘建伟认为，第一阶段，就是谷歌实 ... 全文,558,微博 weibo.com,"{'id': 3149831401, 'screen_name': '成都科技', 'profile_image_url': 'https://tvax3.sinaimg.cn/crop.0.0.996.996.180/bbbe9ce9ly8g7v7pu8veej20ro0rojso.jpg?KID=imgbed,tva&Expires=1583225712&ssig=ALmPiD78tI', 'profile_url': 'https://m.weibo.cn/u/3149831401?uid=3149831401&luicode=10000011&lfid=100103type%3D1%26q%3D%E8%B0%B7%E6%AD%8C', 'statuses_count': 36991, 'verified': True, 'verified_type': 1, 'verified_type_ext': 0, 'verified_reason': '成都市科学技术局官方微博', 'close_blue_v': False, 'description': '信息支撑发展、科技引领未来。我们用科技创造更加美好的明天。这里是成都市科学技术局的官方微博，欢迎围观，共享科技！', 'gender': 'm', 'mbtype': 12, 'urank': 47, 'mbrank': 5, 'follow_me': False, 'following': False, 'followers_count': 512640, 'follow_count': 590, 'cover_image_phone': 'https://tva1.sinaimg.cn/crop.0.0.640.640.640/bbbe9ce9jw1f5zim4vjy7j20e80e80uz.jpg', 'avatar_hd': 'https://wx3.sinaimg.cn/orj480/bbbe9ce9ly8g7v7pu8veej20ro0rojso.jpg', 'like': False, 'like_me': False, 'badge': {'dzwbqlx_2016': 1, 'follow_whitelist_video': 1, 'user_name_certificate': 1, 'wenchuan_10th': 1, 'qixi_2018': 1, 'memorial_2018': 1, 'suishoupai_2019': 1, 'earth_2019': 1, 'hongrenjie_2019': 1, 'dailv_2019': 1, 'china_2019': 1, 'gongjiri_2019': 1, 'hongbao_2020': 2, 'feiyan_2020': 1}}",TRUE,成都科技,1,信息支撑发展、科技引领未来。我们用科技创造更加美好的明天。这里是成都市科学技术局的官方微博，欢迎围观，共享科技！,IpB7z7Nbu,#科技资讯#【量子物理学家潘建伟揭示量子计算发展三阶段】日前，在北京召开的“2020年新年科学演讲”聚焦量子信息革命，邀请著名量子物理学家、中国科学技术大学教授潘建伟作了题为“从爱因斯坦的好奇心到量子信息革命”的演讲。“量子计算的发展则要分为三个阶段。”潘建伟认为，第一阶段，就是谷歌实现的量子霸权，即针对一些特殊问题，造出一台比目前计算机更快的量子计算机，大概需要50个量子比特；第二阶段，他们希望能够操纵几百个量子比特，实现一种专用的量子模拟机，用于高温超导机制、特殊材料设计等目前计算机无法处理的问题；第三阶段就是争取未来二三十年，造出可编程的通用量子计算机。
"February 6, 2020",4.46889E+15,穷人和富人的差别到底在哪儿？资产和负债又是什么？一个教你如何让金钱为你所用的短片，看了可能会有启发↓↓看懂了会用了，也许就能改变命运！转存看看~ #谷歌跌出万亿俱乐部# 人人视频app的秒拍视频,183,360安全浏览器,"{'id': 5312196416, 'screen_name': '城固检察', 'profile_image_url': 'https://tvax1.sinaimg.cn/crop.0.9.370.370.180/005NvqXmly1g8h4bf4ec7j30aa0atgm1.jpg?KID=imgbed,tva&Expires=1583224658&ssig=8X83M5O1fF', 'profile_url': 'https://m.weibo.cn/u/5312196416?uid=5312196416&luicode=10000011&lfid=100103type%3D1%26q%3D%E8%B0%B7%E6%AD%8C', 'statuses_count': 2651, 'verified': True, 'verified_type': 1, 'verified_type_ext': 0, 'verified_reason': '陕西省城固县人民检察院官方微博', 'close_blue_v': False, 'description': '', 'gender': 'm', 'mbtype': 0, 'urank': 24, 'mbrank': 0, 'follow_me': False, 'following': False, 'followers_count': 755, 'follow_count': 148, 'cover_image_phone': 'https://tva1.sinaimg.cn/crop.0.0.640.640.640/549d0121tw1egm1kjly3jj20hs0hsq4f.jpg', 'avatar_hd': 'https://wx1.sinaimg.cn/orj480/005NvqXmly1g8h4bf4ec7j30aa0atgm1.jpg', 'like': False, 'like_me': False, 'badge': {'user_name_certificate': 1, 'wusi_2019': 1, 'china_2019': 1, 'feiyan_2020': 1}}",TRUE,城固检察,1,,IsUb88SD1,
"February 29, 2020",4.4773E+15,【卫健委：方舱医院做到了零感染零死亡】国家卫健委主任马晓伟：武汉的新冠肺炎患者每4人就有1人在方舱医院治疗。方舱医院做到了零感染、零死亡。现在方舱医院有7600多名患者，空余床位5600张，实现了“床等人”。回过头看，建设方舱医院是一项非常关键、意义重大的举措，在短期内迅速扩充了医疗资源。 ... 全文,331,微博 weibo.com,"{'id': 3326710170, 'screen_name': '崇州服务', 'profile_image_url': 'https://tvax4.sinaimg.cn/crop.446.113.358.358.180/c649919aly8g2zkon7t7xj20sg0gw1af.jpg?KID=imgbed,tva&Expires=1583223155&ssig=2fVB6%2BmLpA', 'profile_url': 'https://m.weibo.cn/u/3326710170?uid=3326710170&luicode=10000011&lfid=100103type%3D1%26q%3D%E8%B0%B7%E6%AD%8C', 'statuses_count': 35639, 'verified': True, 'verified_type': 1, 'verified_type_ext': 0, 'verified_reason': '四川省崇州市人民政府政务服务中心官方微博', 'close_blue_v': False, 'description': '崇州市人民政府政务服务中心官方微博', 'gender': 'm', 'mbtype': 0, 'urank': 46, 'mbrank': 0, 'follow_me': False, 'following': False, 'followers_count': 110654, 'follow_count': 265, 'cover_image_phone': 'https://tva2.sinaimg.cn/crop.0.0.640.640.640/a1d3feabjw1ecasunmkncj20hs0hsq4j.jpg', 'avatar_hd': 'https://wx4.sinaimg.cn/orj480/c649919aly8g2zkon7t7xj20sg0gw1af.jpg', 'like': False, 'like_me': False, 'badge': {'dailv': 1, 'dzwbqlx_2016': 1, 'follow_whitelist_video': 1, 'user_name_certificate': 1, 'wenchuan_10th': 1, 'qixi_2018': 1, 'national_day_2018': 1, 'wbzy_2018': 1, 'memorial_2018': 1, 'denglong_2019': 1, 'fu_2019': 1, 'china_2019': 1, 'hongkong_2019': 1, 'gongjiri_2019': 1, 'hongbao_2020': 2, 'feiyan_2020': 1}}",TRUE,崇州服务,1,崇州市人民政府政务服务中心官方微博,IwqSKyEXA,【卫健委：方舱医院做到了零感染零死亡】国家卫健委主任马晓伟：武汉的新冠肺炎患者每4人就有1人在方舱医院治疗。方舱医院做到了零感染、零死亡。现在方舱医院有7600多名患者，空余床位5600张，实现了“床等人”。回过头看，建设方舱医院是一项非常关键、意义重大的举措，在短期内迅速扩充了医疗资源。来源：http://t.cn/A67GW3wQ #谷歌一员工确诊新冠肺炎#
"February 15, 2020",4.47225E+15,【扎克伯格称支持全球税改：FB需缴纳更多税款】据外媒报道，一份事先准备好的演讲稿显示，Facebook CEO马克·扎克伯格承认，全球税收改革意味着FB可能不得不在不同的国家缴纳更多的税款。对于当前的税法，亚马逊、FB和谷歌等均从总收益，它们可以在爱尔兰等低税收国家登记利润，无论他们的客户在哪里。 ... 全文,299,HUAWEI Mate 9,"{'id': 6941790656, 'screen_name': '川西监狱', 'profile_image_url': 'https://tvax4.sinaimg.cn/crop.8.0.577.577.180/007zN2Rqly8fz8gwar63nj30ga0gcwgw.jpg?KID=imgbed,tva&Expires=1583224180&ssig=aSB6shQr%2Bz', 'profile_url': 'https://m.weibo.cn/u/6941790656?uid=6941790656&luicode=10000011&lfid=100103type%3D1%26q%3D%E8%B0%B7%E6%AD%8C', 'statuses_count': 19314, 'verified': True, 'verified_type': 1, 'verified_type_ext': 0, 'verified_reason': '四川省川西监狱官方微博', 'close_blue_v': False, 'description': '传播法治正能量，塑新时代监狱公正执法新形象。', 'gender': 'f', 'mbtype': 2, 'urank': 17, 'mbrank': 1, 'follow_me': False, 'following': False, 'followers_count': 5726, 'follow_count': 513, 'cover_image_phone': 'https://tva1.sinaimg.cn/crop.0.0.640.640.640/549d0121tw1egm1kjly3jj20hs0hsq4f.jpg', 'avatar_hd': 'https://wx4.sinaimg.cn/orj480/007zN2Rqly8fz8gwar63nj30ga0gcwgw.jpg', 'like': False, 'like_me': False, 'badge': {'user_name_certificate': 1, 'denglong_2019': 1, 'womensday_2018': 1, 'suishoupai_2019': 1, 'wusi_2019': 1, 'earth_2019': 1, 'hongrenjie_2019': 1, 'china_2019': 1, 'hongkong_2019': 1, 'dzwbqlx_2019': 6, 'rrgyj_2019': 1, 'ant_2019': 1, 'macao_2019': 1, 'china_2019_2': 1, 'hongbao_2020': 2, 'feiyan_2020': 1, 'hope_2020': 1, 'kangyi_2020': 1, 'daka_2020': 1}}",TRUE,川西监狱,1,传播法治正能量，塑新时代监狱公正执法新形象。,IujBF1eB7,
"January 16, 2020",4.4614E+15,如果思想消失了，世界将会怎样？这是一本深入讨论思想，并且很可能引发争论的作品。富兰克林·福尔用亲身经历，演绎了今天的数据革命如何威胁新思想的诞生与创造性的表达。福尔指出，在三大垄断企业——亚马逊、谷歌和脸书——的控制下，我们距离富有活力的智识生活已然遥远。这种无时无刻不在的操控， ... 全文,331,微博 weibo.com,"{'id': 2061969897, 'screen_name': '大佳网', 'profile_image_url': 'https://tva2.sinaimg.cn/crop.0.0.219.219.180/7ae729e9jw1e8kvilmrj0j206406974x.jpg?KID=imgbed,tva&Expires=1583225648&ssig=kt%2F%2B81WOi3', 'profile_url': 'https://m.weibo.cn/u/2061969897?uid=2061969897&luicode=10000011&lfid=100103type%3D1%26q%3D%E8%B0%B7%E6%AD%8C', 'statuses_count': 13864, 'verified': True, 'verified_type': 1, 'verified_type_ext': 0, 'verified_reason': '中版集团数字传媒有限公司大佳网官方微博', 'close_blue_v': False, 'description': '海量精品图书，尽在大佳网！微信号：dajianetbook', 'gender': 'f', 'mbtype': 0, 'urank': 41, 'mbrank': 0, 'follow_me': False, 'following': False, 'followers_count': 142510, 'follow_count': 1920, 'cover_image_phone': 'https://tva1.sinaimg.cn/crop.0.0.640.640.640/549d0121tw1egm1kjly3jj20hs0hsq4f.jpg', 'avatar_hd': 'https://ww2.sinaimg.cn/orj480/7ae729e9jw1e8kvilmrj0j206406974x.jpg', 'like': False, 'like_me': False, 'badge': {'enterprise': 1, 'taobao': 1, 'bind_taobao': 1, 'dzwbqlx_2016': 1, 'user_name_certificate': 1, 'dzwbqlx_2019': 1}}",TRUE,大佳网,1,海量精品图书，尽在大佳网！微信号：dajianetbook,IpLdsB9d9,
"February 29, 2020",4.47729E+15,【让全世界都头疼的新冠状病毒到底什么样子，150秒带你认清“伪装者”新冠病毒！】 #谷歌一员工确诊新冠肺炎# 央视频的微博视频,124,科学科普 · 视频社区,"{'id': 1917945804, 'screen_name': '涪城公安', 'profile_image_url': 'https://tvax2.sinaimg.cn/crop.0.0.1181.1181.180/725187ccly8flt8dzt4nvj20wt0wtavd.jpg?KID=imgbed,tva&Expires=1583223155&ssig=tZYeotQUDv', 'profile_url': 'https://m.weibo.cn/u/1917945804?uid=1917945804&luicode=10000011&lfid=100103type%3D1%26q%3D%E8%B0%B7%E6%AD%8C', 'statuses_count': 12634, 'verified': True, 'verified_type': 1, 'verified_type_ext': 0, 'verified_reason': '四川省绵阳市公安局涪城区分局官方微博', 'close_blue_v': False, 'description': '涪城公安网上举报中心 电话：0816-2243110', 'gender': 'm', 'mbtype': 12, 'urank': 39, 'mbrank': 6, 'follow_me': False, 'following': False, 'followers_count': 128142, 'follow_count': 375, 'cover_image_phone': 'https://wx2.sinaimg.cn/crop.0.0.640.640.640/725187ccly1fn03qqpil1j20u00u01bb.jpg', 'avatar_hd': 'https://wx2.sinaimg.cn/orj480/725187ccly8flt8dzt4nvj20wt0wtavd.jpg', 'like': False, 'like_me': False, 'badge': {'user_name_certificate': 1, 'suishoupai_2018': 1, 'wenchuan_10th': 1, 'qixi_2018': 1, 'meilizhongguo_2018': 1, 'memorial_2018': 1, 'hongbaofei_2019': 1, 'denglong_2019': 1, 'suishoupai_2019': 1, 'wusi_2019': 1, 'hongrenjie_2019': 1, 'dailv_2019': 1, 'china_2019': 1, 'hongkong_2019': 1, 'rrgyj_2019': 1, 'gongjiri_2019': 1, 'macao_2019': 1, 'china_2019_2': 1, 'hongbao_2020': 2, 'feiyan_2020': 1, 'kangyi_2020': 1, 'daka_2020': 1}}",TRUE,涪城公安,1,涪城公安网上举报中心 电话：0816-2243110,IwqGLpWxP,
"March 1, 2020",4.4776E+15,谷歌前CEO 埃瑞克·施密特ERIC SCHMIDT 最近在纽约时报撰文，指出硅谷可能在AI等领域输给中国，他在文章开头就一针见血地指出，硅谷是美国创新的代名词，但硅谷的创新中有一个很重要的因素，那就是许多创新公司的领导者，包括谷歌的创始人，他们的起步都是从获得联邦政府的资助开始的。谷歌的创始人艾瑞 ... 全文,1376,iPhone客户端,"{'id': 2557120465, 'screen_name': '机工战略', 'profile_image_url': 'https://tva4.sinaimg.cn/crop.0.0.180.180.180/986a8fd1jw1e8qgp5bmzyj2050050aa8.jpg?KID=imgbed,tva&Expires=1583223059&ssig=QPowTCjHYO', 'profile_url': 'https://m.weibo.cn/u/2557120465?uid=2557120465&luicode=10000011&lfid=100103type%3D1%26q%3D%E8%B0%B7%E6%AD%8C', 'statuses_count': 27354, 'verified': True, 'verified_type': 1, 'verified_type_ext': 0, 'verified_reason': '机械工业信息研究院战略所官方微博', 'close_blue_v': False, 'description': '机械工业信息研究院战略与规划研究所，国内最顶尖的装备制造业研究机构。为中国装备制造业转型升级提供智力支撑，产业规划、园区规划、软课题研究以及相关论坛培训活动请联系zhuangbei@vip.sina.com', 'gender': 'm', 'mbtype': 12, 'urank': 48, 'mbrank': 6, 'follow_me': False, 'following': False, 'followers_count': 680282, 'follow_count': 1215, 'cover_image_phone': 'https://tva1.sinaimg.cn/crop.0.0.640.640.640/549d0121tw1egm1kjly3jj20hs0hsq4f.jpg', 'avatar_hd': 'https://ww4.sinaimg.cn/orj480/986a8fd1jw1e8qgp5bmzyj2050050aa8.jpg', 'like': False, 'like_me': False, 'badge': {'bind_taobao': 1, 'dzwbqlx_2016': 1, 'follow_whitelist_video': 1, 'user_name_certificate': 1, 'suishoupai_2018': 1, 'dailv_2018': 1, 'qixi_2018': 1, 'hongrenjie_2019': 1, 'hongbao_2020': 2, 'feiyan_2020': 1}}",TRUE,机工战略,1,机械工业信息研究院战略与规划研究所，国内最顶尖的装备制造业研究机构。为中国装备制造业转型升级提供智力支撑，产业规划、园区规划、软课题研究以及相关论坛培训活动请联系zhuangbei@vip.sina.com,IwyKMFjVk,"谷歌前CEO 埃瑞克·施密特ERIC SCHMIDT 最近在纽约时报撰文，指出硅谷可能在AI等领域输给中国，他在文章开头就一针见血地指出，硅谷是美国创新的代名词，但硅谷的创新中有一个很重要的因素，那就是许多创新公司的领导者，包括谷歌的创始人，他们的起步都是从获得联邦政府的资助开始的。谷歌的创始人艾瑞克·施密特也是如此，我在1970年代和80年代在计算机科学领域的研究生工作，部分是由国家科学基金会(National Science Foundation)和美国国防高级研究计划局(Defense Advanced Research Projects Agency)资助的。

国家科学基金会近年来的财年预算都在七八十亿美金左右，NSF本身并不下设研究所或实验室，它以基金项目、合同和合作协议等形式，专门负责资助各个学科与工程领域中的基础研究和教育，约占联邦政府对基础研究总投入的1/4。许多发展中国家都在研究美国对于创新的研究机制和模式，但美国也在关注其他国家，艾瑞克·施密特的文章中蕴含着一种指向，或许美国的创新需要再次创新，所以他在文中提到应该建立一种合作伙伴关系，让大学研究人员和学生可以用上廉价的云计算。而斯坦福大学的新提议“国家研究云”(National Research Cloud)为该目标提供了一个思路。
 
斯坦福大学的提议是“We Need a National Vision for AI”，标题很大，但文章却很简洁，在文章后半部的建议中，就首先指出，要鼓励协同，推动多元化的研究，宽带、互联网、人类基因组测序等重大创新都是基于政府和学术界的合作，未来的合作可能需要新的技术基础设施，比National Research Cloud ，这种基础设施可能为创新提供高质量的数据和高性能的算力，这种基础设施值得每年投入70亿美金。http://t.cn/A67MHtHB"
"February 2, 2020",4.46758E+15,吉林市超话 【龙潭区网上办事大厅“网上办、不见面”办理流程】用户访问龙潭区政务服务网： 网页链接 ，建议采用谷歌和360浏览器（极速模式），如图一（首页）。 点击右上方【登录】，输入用户名和密码，如图二（登录页面）。 如果用户已经注册过，根据实际情况，选择“个人用户”或“ ... 全文,473,vivo智能手机,"{'id': 5097582686, 'screen_name': '吉林龙潭发布', 'profile_image_url': 'https://tva4.sinaimg.cn/crop.0.0.700.700.180/005yYW7Ajw8exhy8nabizj30jg0jggnt.jpg?KID=imgbed,tva&Expires=1583224881&ssig=I4dCVjjI6s', 'profile_url': 'https://m.weibo.cn/u/5097582686?uid=5097582686&luicode=10000011&lfid=100103type%3D1%26q%3D%E8%B0%B7%E6%AD%8C', 'statuses_count': 7280, 'verified': True, 'verified_type': 1, 'verified_type_ext': 0, 'verified_reason': '吉林省吉林市龙潭区信息与网络服务中心官方微博', 'close_blue_v': False, 'description': '', 'gender': 'm', 'mbtype': 12, 'urank': 37, 'mbrank': 4, 'follow_me': False, 'following': False, 'followers_count': 16814, 'follow_count': 229, 'cover_image_phone': 'https://wx3.sinaimg.cn/crop.0.0.640.640.640/005yYW7Aly1gbrf5578zmj30u00u0qoe.jpg', 'avatar_hd': 'https://ww4.sinaimg.cn/orj480/005yYW7Ajw8exhy8nabizj30jg0jggnt.jpg', 'like': False, 'like_me': False, 'badge': {'bind_taobao': 1, 'dailv': 1, 'dzwbqlx_2016': 1, 'user_name_certificate': 1, 'wenchuan_10th': 1, 'wenda_v2': 1, 'suishoupai_2019': 1, 'wusi_2019': 1, 'hongrenjie_2019': 1, 'china_2019': 1, 'hongkong_2019': 1, 'gongjiri_2019': 1, 'feiyan_2020': 1, 'hope_2020': 1}}",TRUE,吉林龙潭发布,1,,Ism5U7K8M,"#吉林市[超话]#【龙潭区网上办事大厅“网上办、不见面”办理流程】用户访问龙潭区政务服务网：http://t.cn/A6PN80Ah，建议采用谷歌和360浏览器（极速模式），如图一（首页）。

点击右上方【登录】，输入用户名和密码，如图二（登录页面）。

如果用户已经注册过，根据实际情况，选择“个人用户”或“法人用户”，输入用户名、密码，即可直接登录；

若没有注册过，请先注册账号，根据申报对象，选择“个人注册”或者“法人注册”，进行注册。所有信息必须填写完整，为保证申报信息准确，请仔细核准注册信息。"
"February 29, 2020",4.47728E+15,@黄骅司法 认识一下新冠病毒，全世界共同的敌人! #谷歌一员工确诊新冠肺炎#,38,荣耀7A 全屏 人脸识别,"{'id': 6056947457, 'screen_name': '吕桥司法所6056947457', 'profile_image_url': 'https://tvax4.sinaimg.cn/crop.0.0.996.996.180/006BUkIVly8fe18f22hsxj30ro0rp0vf.jpg?KID=imgbed,tva&Expires=1583223187&ssig=4LXcnF2ZSf', 'profile_url': 'https://m.weibo.cn/u/6056947457?uid=6056947457&luicode=10000011&lfid=100103type%3D1%26q%3D%E8%B0%B7%E6%AD%8C', 'statuses_count': 7732, 'verified': True, 'verified_type': 1, 'verified_type_ext': 0, 'verified_reason': '黄骅市司法局吕桥司法所官方微博', 'close_blue_v': False, 'description': '', 'gender': 'm', 'mbtype': 11, 'urank': 31, 'mbrank': 1, 'follow_me': False, 'following': False, 'followers_count': 1478, 'follow_count': 6111, 'cover_image_phone': 'https://tva1.sinaimg.cn/crop.0.0.640.640.640/549d0121tw1egm1kjly3jj20hs0hsq4f.jpg', 'avatar_hd': 'https://wx4.sinaimg.cn/orj480/006BUkIVly8fe18f22hsxj30ro0rp0vf.jpg', 'like': False, 'like_me': False, 'badge': {'unread_pool': 1, 'unread_pool_ext': 1, 'user_name_certificate': 1, 'suishoupai_2018': 6, 'wenchuan_10th': 1, 'wenda_v2': 1, 'asiad_2018': 1, 'qixi_2018': 1, 'memorial_2018': 1, 'denglong_2019': 1, 'fu_2019': 1, 'suishoupai_2019': 1, 'hongrenjie_2019': 1, 'china_2019': 1, 'hongkong_2019': 1, 'gongjiri_2019': 1, 'hongbao_2020': 2, 'feiyan_2020': 1, 'kangyi_2020': 1, 'daka_2020': 1}}",TRUE,吕桥司法所6056947457,1,,Iwqwc4jV7,
"February 10, 2020",4.47053E+15,#8小时之外# 来跟着谷歌地图云旅游了[带着微博去旅行][带着微博去旅行][带着微博去旅行] 柚子木字幕组的微博视频,103,微博国际版,"{'id': 2800992940, 'screen_name': '青春南京', 'profile_image_url': 'https://tvax3.sinaimg.cn/crop.0.0.512.512.180/a6f3c2acly8g9wfar91i2j20e80e8mxu.jpg?KID=imgbed,tva&Expires=1583224467&ssig=ssuk4m%2Bb9D', 'profile_url': 'https://m.weibo.cn/u/2800992940?uid=2800992940&luicode=10000011&lfid=100103type%3D1%26q%3D%E8%B0%B7%E6%AD%8C', 'statuses_count': 14233, 'verified': True, 'verified_type': 1, 'verified_type_ext': 0, 'verified_reason': '共青团南京市委员会官方微博', 'close_blue_v': False, 'description': '这是一个涨姿势、正三观、有格调 、会卖萌的青春点赞地。内容为王，服务支撑。团粉，我们做朋友吧！共青团南京市委员会官方微博。微信号：js_njtsw', 'gender': 'f', 'mbtype': 2, 'urank': 47, 'mbrank': 1, 'follow_me': False, 'following': False, 'followers_count': 290714, 'follow_count': 1094, 'cover_image_phone': 'https://tva1.sinaimg.cn/crop.0.0.640.640.640/549d0121tw1egm1kjly3jj20hs0hsq4f.jpg', 'avatar_hd': 'https://wx3.sinaimg.cn/orj480/a6f3c2acly8g9wfar91i2j20e80e8mxu.jpg', 'like': False, 'like_me': False, 'badge': {'enterprise': 1, 'bind_taobao': 1, 'dailv': 1, 'zongyiji': 1, 'dzwbqlx_2016': 1, 'follow_whitelist_video': 1, 'league_badge': 1, 'panda': 1, 'user_name_certificate': 1, 'suishoupai_2018': 1, 'wenchuan_10th': 1, 'super_star_2018': 1, 'worldcup_2018': 17, 'wenda_v2': 1, 'dailv_2018': 6, 'qixi_2018': 1, 'lol_s8': 1, 'memorial_2018': 1, 'fu_2019': 1, 'wusi_2019': 1, 'hongrenjie_2019': 1, 'china_2019': 1, 'hongkong_2019': 1, 'gongjiri_2019': 1, 'macao_2019': 1, 'china_2019_2': 1, 'hongbao_2020': 2, 'feiyan_2020': 1, 'hope_2020': 1}}",TRUE,青春南京,1,这是一个涨姿势、正三观、有格调 、会卖萌的青春点赞地。内容为王，服务支撑。团粉，我们做朋友吧！共青团南京市委员会官方微博。微信号：js_njtsw,ItAQX5Z1S,
"February 11, 2020",4.4708E+15,【有网友在谷歌地球的意外发现】哈哈哈哈哈，一开始我真的不觉得惊讶在哪里？！一直到过半了我才知道，哈哈哈哈哈哈哈哈哈哈哈…… 呆十三的微博视频,150,微博 weibo.com,"{'id': 2649558901, 'screen_name': '厦门天气在线', 'profile_image_url': 'https://tvax1.sinaimg.cn/crop.180.144.141.141.180/9ded0f75ly8ftjllytpl3j20dw0dwwfi.jpg?KID=imgbed,tva&Expires=1583224403&ssig=4Km5lGe7qO', 'profile_url': 'https://m.weibo.cn/u/2649558901?uid=2649558901&luicode=10000011&lfid=100103type%3D1%26q%3D%E8%B0%B7%E6%AD%8C', 'statuses_count': 52050, 'verified': True, 'verified_type': 1, 'verified_type_ext': 0, 'verified_reason': '厦门市气象局官方微博', 'close_blue_v': False, 'description': '欢迎访问厦门市气象局微博厦门天气在线，我们将及时提供最新的天气信息。', 'gender': 'f', 'mbtype': 12, 'urank': 48, 'mbrank': 3, 'follow_me': False, 'following': False, 'followers_count': 369293, 'follow_count': 167, 'cover_image_phone': 'https://tva1.sinaimg.cn/crop.0.0.640.640.640/a1d3feabjw1ecat4uqw77j20hs0hsacp.jpg', 'avatar_hd': 'https://wx1.sinaimg.cn/orj480/9ded0f75ly8ftjllytpl3j20dw0dwwfi.jpg', 'like': False, 'like_me': False, 'badge': {'dzwbqlx_2016': 1, 'follow_whitelist_video': 1, 'user_name_certificate': 1, 'suishoupai_2018': 6, 'wenchuan_10th': 1, 'super_star_2018': 1, 'dailv_2018': 1, 'qixi_2018': 1, 'national_day_2018': 1, 'weibo_display_fans': 1, 'relation_display': 1, 'memorial_2018': 1, 'fu_2019': 1, 'suishoupai_2019': 1, 'wusi_2019': 1, 'earth_2019': 1, 'hongrenjie_2019': 1, 'china_2019': 1, 'hongkong_2019': 1, 'dzwbqlx_2019': 5, 'shuang11_2019': 1, 'gongjiri_2019': 1, 'macao_2019': 1, 'china_2019_2': 1, 'hongbao_2020': 2, 'feiyan_2020': 1}}",TRUE,厦门天气在线,1,欢迎访问厦门市气象局微博厦门天气在线，我们将及时提供最新的天气信息。,ItHVCaq7D,
"February 25, 2020",4.47578E+15,任爱荣到山东自贸试验区济南片区调研  2月21日，副省长任爱荣到山东自贸试验区济南片区调研疫情防控、企业复工复产和济南片区建设情况。任爱荣先后到费斯托气动有限公司、济南人力资本产业园、谷歌济南出海体验中心、基金大厦展厅，走进工厂车间和企业办公场所，详细了解疫情防控和复工复产情况。在山 ... 全文,849,微博 weibo.com,"{'id': 3690315230, 'screen_name': '山东省商务厅', 'profile_image_url': 'https://tva3.sinaimg.cn/crop.0.0.180.180.180/dbf5bddejw8e7krzhl0szj205005074a.jpg?KID=imgbed,tva&Expires=1583223474&ssig=Bl4xjxeTVC', 'profile_url': 'https://m.weibo.cn/u/3690315230?uid=3690315230&luicode=10000011&lfid=100103type%3D1%26q%3D%E8%B0%B7%E6%AD%8C', 'statuses_count': 9824, 'verified': True, 'verified_type': 1, 'verified_type_ext': 0, 'verified_reason': '山东省商务厅官方微博', 'close_blue_v': False, 'description': '山东省商务厅官方微博', 'gender': 'm', 'mbtype': 0, 'urank': 14, 'mbrank': 0, 'follow_me': False, 'following': False, 'followers_count': 57832, 'follow_count': 41, 'cover_image_phone': 'https://tva1.sinaimg.cn/crop.0.0.640.640.640/549d0121tw1egm1kjly3jj20hs0hsq4f.jpg', 'avatar_hd': 'https://ww3.sinaimg.cn/orj480/dbf5bddejw8e7krzhl0szj205005074a.jpg', 'like': False, 'like_me': False, 'badge': {'dzwbqlx_2016': 1, 'follow_whitelist_video': 1, 'user_name_certificate': 1, 'feiyan_2020': 1}}",TRUE,山东省商务厅,1,山东省商务厅官方微博,IvNlhem7Q,
"February 21, 2020",4.47439E+15,"#【悦】读【视】界# #四六级成绩# &quot;My girlfriend is like Google.&quot; &quot;Because she knows everything?&quot; &quot;No,she has everything I'm searching for.&quot; -我女朋友就像谷歌一样 -因为她知道所有事情? -不是，因为我想要找的，在她身上都有。 ——苏锡常镇二模英语听力第五题 祝小可爱们四六级都能稳 ... 全文",299,sxu山西大学超话,"{'id': 2286483065, 'screen_name': '山西大学微博协会', 'profile_image_url': 'https://tva4.sinaimg.cn/crop.0.0.720.720.180/8848f679jw8ev8rdv3g5pj20k00k0jth.jpg?KID=imgbed,tva&Expires=1583223732&ssig=yRyHdNlbcq', 'profile_url': 'https://m.weibo.cn/u/2286483065?uid=2286483065&luicode=10000011&lfid=100103type%3D1%26q%3D%E8%B0%B7%E6%AD%8C', 'statuses_count': 19741, 'verified': True, 'verified_type': 1, 'verified_type_ext': 0, 'verified_reason': '山西大学微博协会官方微博', 'close_blue_v': False, 'description': '山西大学微博协会官方微博，非山西大学官方微博。', 'gender': 'f', 'mbtype': 12, 'urank': 48, 'mbrank': 6, 'follow_me': False, 'following': False, 'followers_count': 180252, 'follow_count': 568, 'cover_image_phone': 'https://wx1.sinaimg.cn/crop.0.0.640.640.640/8848f679ly1g1f12sxo0rj20u00u0n5l.jpg', 'avatar_hd': 'https://ww4.sinaimg.cn/orj480/8848f679jw8ev8rdv3g5pj20k00k0jth.jpg', 'like': False, 'like_me': False, 'badge': {'enterprise': 1, 'gongyi': 1, 'gongyi_level': 1, 'bind_taobao': 1, 'zongyiji': 1, 'dzwbqlx_2016': 1, 'follow_whitelist_video': 1, 'panda': 1, 'user_name_certificate': 1, 'wenchuan_10th': 1, 'qixi_2018': 1, 'lol_s8': 1, 'national_day_2018': 1, 'memorial_2018': 1, 'denglong_2019': 1, 'fu_2019': 1, 'suishoupai_2019': 1, 'wusi_2019': 1, 'hongrenjie_2019': 1, 'china_2019': 1, 'hongkong_2019': 1, 'gongjiri_2019': 1, 'macao_2019': 1, 'china_2019_2': 1, 'hongbao_2020': 2, 'feiyan_2020': 1}}",TRUE,山西大学微博协会,1,山西大学微博协会官方微博，非山西大学官方微博。,IvdfY5YVw,
"February 29, 2020",4.47728E+15,#上海战疫# #上海加油# 【公卫中心的早会 张文宏教授为这事“发飙”了】2月3日起，入驻上海市公共卫生临床中心隔离病区的主治医生与隔离区外以张文宏为首的高级别专家组每天进行早晚两次例行视频会诊。这一天早会，隔离区内的皋源教授反馈，一名危重病人的一项检查结果出现了较大波动，与预期不符，医疗 ... 全文,527,HUAWEI P20,"{'id': 2665774271, 'screen_name': '上海普陀', 'profile_image_url': 'https://tvax1.sinaimg.cn/crop.0.0.500.500.180/9ee47cbfly8fuyd9mxhiej20dw0dw0vs.jpg?KID=imgbed,tva&Expires=1583223187&ssig=sOts33jlaS', 'profile_url': 'https://m.weibo.cn/u/2665774271?uid=2665774271&luicode=10000011&lfid=100103type%3D1%26q%3D%E8%B0%B7%E6%AD%8C', 'statuses_count': 44681, 'verified': True, 'verified_type': 1, 'verified_type_ext': 0, 'verified_reason': '上海市普陀区人民政府新闻办公室官方微博', 'close_blue_v': False, 'description': '忆苏州河沧桑巨变，赞好生活多姿多彩；百字碎语连接你我他，众人感言叙述新变化。这里是正在崛起的上海西部新兴商贸科技区，真诚期待您的关注和参与…', 'gender': 'm', 'mbtype': 0, 'urank': 39, 'mbrank': 0, 'follow_me': False, 'following': False, 'followers_count': 234147, 'follow_count': 419, 'cover_image_phone': 'https://wx4.sinaimg.cn/crop.0.0.640.640.640/a1d3feably1fl9nr80k11j20hs0hsmze.jpg', 'avatar_hd': 'https://wx1.sinaimg.cn/orj480/9ee47cbfly8fuyd9mxhiej20dw0dw0vs.jpg', 'like': False, 'like_me': False, 'badge': {'enterprise': 1, 'gongyi_level': 1, 'user_name_certificate': 1, 'denglong_2019': 1, 'fu_2019': 1, 'suishoupai_2019': 1, 'wusi_2019': 1, 'hongrenjie_2019': 1, 'china_2019': 1, 'hongkong_2019': 1, 'dzwbqlx_2019': 1, 'wbzy_2019': 1, 'gongjiri_2019': 1, 'macao_2019': 1, 'china_2019_2': 1, 'hongbao_2020': 2, 'feiyan_2020': 1, 'kangyi_2020': 1}}",TRUE,上海普陀,1,忆苏州河沧桑巨变，赞好生活多姿多彩；百字碎语连接你我他，众人感言叙述新变化。这里是正在崛起的上海西部新兴商贸科技区，真诚期待您的关注和参与…,Iwqud8Htc,
"February 29, 2020",4.4774E+15,【张文宏又爆金句：数据拿不到很麻烦 老胡是会骂娘的】据看看新闻，上海市公共卫生临床中心收治了所有上海被确诊为新冠肺炎的成人患者。这一天早会，隔离区内的皋源教授反馈，一名危重病人的一项检查结果出现了较大波动，与预期不符，医疗救治组组长张文宏教授当即要求复查。当他得知该患者的一项重要 ... 全文,501,Nokia X71 见微识广,"{'id': 2175830437, 'screen_name': '上海徐汇发布', 'profile_image_url': 'https://tvax2.sinaimg.cn/crop.77.29.672.672.180/81b089a5ly8fdw0scxx81j20ku0ku0ta.jpg?KID=imgbed,tva&Expires=1583223155&ssig=cp%2BOvRP6Yg', 'profile_url': 'https://m.weibo.cn/u/2175830437?uid=2175830437&luicode=10000011&lfid=100103type%3D1%26q%3D%E8%B0%B7%E6%AD%8C', 'statuses_count': 51813, 'verified': True, 'verified_type': 1, 'verified_type_ext': 0, 'verified_reason': '上海市徐汇区新闻办公室', 'close_blue_v': False, 'description': '“ 关注徐汇，感知徐汇，徐汇因你而精彩。这里是上海市徐汇区新闻办公室官方微博 ”', 'gender': 'm', 'mbtype': 0, 'urank': 48, 'mbrank': 0, 'follow_me': False, 'following': False, 'followers_count': 155075, 'follow_count': 55, 'cover_image_phone': 'https://wx4.sinaimg.cn/crop.0.0.640.640.640/81b089a5ly1gb2wx1ngegj20e80e8wh3.jpg', 'avatar_hd': 'https://wx2.sinaimg.cn/orj480/81b089a5ly8fdw0scxx81j20ku0ku0ta.jpg', 'like': False, 'like_me': False, 'badge': {'enterprise': 1, 'dailv': 1, 'dzwbqlx_2016': 1, 'follow_whitelist_video': 1, 'user_name_certificate': 1, 'dailv_2018': 7, 'fu_2019': 1, 'wusi_2019': 1, 'hongrenjie_2019': 1, 'china_2019': 1, 'gongjiri_2019': 1, 'macao_2019': 1, 'china_2019_2': 1, 'hongbao_2020': 2, 'feiyan_2020': 1, 'kangyi_2020': 1}}",TRUE,上海徐汇发布,1,“ 关注徐汇，感知徐汇，徐汇因你而精彩。这里是上海市徐汇区新闻办公室官方微博 ”,Iwtr7wRx4,【张文宏又爆金句：数据拿不到很麻烦 老胡是会骂娘的】据看看新闻，上海市公共卫生临床中心收治了所有上海被确诊为新冠肺炎的成人患者。这一天早会，隔离区内的皋源教授反馈，一名危重病人的一项检查结果出现了较大波动，与预期不符，医疗救治组组长张文宏教授当即要求复查。当他得知该患者的一项重要指标的实验室结果迟迟未到，当场“发飙”道：“现在救治病人是非常优先的，如果数据拿不到，对我们来说是非常麻烦的，胡老师（胡必杰教授）是会骂娘的。”#谷歌一员工确诊新冠肺炎##美国出现第三例感染途径不明病例#  http://t.cn/A67cf7wd
"February 21, 2020",4.47448E+15,#社旗手机报# 【标题新闻】 ●中国解除对美国含反刍动物成分宠物食品的进口限制 ●国家信访局：春节以来网上信访占信访总量七成以上 ●济南长清发生多次余震 专家称近期不会发生破坏性地震 ●新一期男足世界排名公布 国足排在第76位 ●美国新墨西哥州起诉谷歌：教育软件未经家长同意获取儿童信息  ... 全文,366,iPhone客户端,"{'id': 3934648245, 'screen_name': '社旗发布', 'profile_image_url': 'https://tvax1.sinaimg.cn/crop.0.4.125.125.180/ea85f7b5ly1fov48i5xe2j203h03p0si.jpg?KID=imgbed,tva&Expires=1583223668&ssig=HhGZvTFpCl', 'profile_url': 'https://m.weibo.cn/u/3934648245?uid=3934648245&luicode=10000011&lfid=100103type%3D1%26q%3D%E8%B0%B7%E6%AD%8C', 'statuses_count': 60505, 'verified': True, 'verified_type': 1, 'verified_type_ext': 0, 'verified_reason': '河南省南阳市社旗县网络中心官方微博', 'close_blue_v': False, 'description': '', 'gender': 'm', 'mbtype': 0, 'urank': 44, 'mbrank': 0, 'follow_me': False, 'following': False, 'followers_count': 40809, 'follow_count': 5116, 'cover_image_phone': 'https://tva1.sinaimg.cn/crop.0.0.640.640.640/549d0121tw1egm1kjly3jj20hs0hsq4f.jpg', 'avatar_hd': 'https://wx1.sinaimg.cn/orj480/ea85f7b5ly1fov48i5xe2j203h03p0si.jpg', 'like': False, 'like_me': False, 'badge': {'zongyiji': 1, 'dzwbqlx_2016': 1, 'follow_whitelist_video': 1, 'panda': 1, 'user_name_certificate': 1, 'suishoupai_2018': 1, 'wenchuan_10th': 1, 'super_star_2018': 1, 'wenda_v2': 1, 'qixi_2018': 1, 'national_day_2018': 1, 'memorial_2018': 1, 'fu_2019': 1, 'suishoupai_2019': 7, 'wusi_2019': 1, 'hongrenjie_2019': 1, 'china_2019': 1, 'gongjiri_2019': 1, 'macao_2019': 1, 'china_2019_2': 1, 'hongbao_2020': 2, 'feiyan_2020': 1, 'daka_2020': 1}}",TRUE,社旗发布,1,,Ivfu119xV,
"March 1, 2020",4.47797E+15,特斯拉汽车公司正在以色列设立一个研发办公室 以色列是高科技初创公司的温床，它生产导航软件开发商Waze(由Google收购)和驾驶员辅助系统开发商Mobileye等著名企业(由Intel收购)。决心不错过下一个数十亿美元的想法，特斯拉汽车公司正在该国建立研发办公室。 据Globes报道，目前，该办公室将专注于寻 ... 全文,1685,iPhone客户端,"{'id': 1958957737, 'screen_name': '以色列在中国', 'profile_image_url': 'https://tva4.sinaimg.cn/crop.0.0.180.180.180/74c352a9jw1e8qgp5bmzyj2050050aa8.jpg?KID=imgbed,tva&Expires=1583195636&ssig=z8cKDVN7Sw', 'profile_url': 'https://m.weibo.cn/u/1958957737?uid=1958957737&luicode=10000011&lfid=100103type%3D1%26q%3DGoogle', 'statuses_count': 9016, 'verified': True, 'verified_type': 1, 'verified_type_ext': 0, 'verified_reason': '以色列外交部驻中国上海领事馆官方微博', 'close_blue_v': False, 'description': '以色列在中国华东的窗口，介绍以色列各方面最新的文化与资讯，并发布以色列与上海、江苏、浙江、安徽、江西的方方面面的交流信息。', 'gender': 'm', 'mbtype': 0, 'urank': 35, 'mbrank': 0, 'follow_me': False, 'following': False, 'followers_count': 113152, 'follow_count': 435, 'cover_image_phone': 'https://tva1.sinaimg.cn/crop.0.0.640.640.640/549d0121tw1egm1kjly3jj20hs0hsq4f.jpg', 'avatar_hd': 'https://ww4.sinaimg.cn/orj480/74c352a9jw1e8qgp5bmzyj2050050aa8.jpg', 'like': False, 'like_me': False, 'badge': {'dzwbqlx_2016': 1, 'follow_whitelist_video': 1, 'user_name_certificate': 1, 'hongbao_2020': 2, 'feiyan_2020': 1}}",TRUE,以色列在中国,1,以色列在中国华东的窗口，介绍以色列各方面最新的文化与资讯，并发布以色列与上海、江苏、浙江、安徽、江西的方方面面的交流信息。,IwIqv2gLo,"特斯拉汽车公司正在以色列设立一个研发办公室 

以色列是高科技初创公司的温床，它生产导航软件开发商Waze(由Google收购)和驾驶员辅助系统开发商Mobileye等著名企业(由Intel收购)。决心不错过下一个数十亿美元的想法，特斯拉汽车公司正在该国建立研发办公室。

据Globes报道，目前，该办公室将专注于寻找本地初创公司和技术，以帮助加强特斯拉的未来产品，代表该汽车制造商与以色列公司进行对话和信息交换。但是，将来该办公室可能会发展成更像特斯拉位于加利福尼亚州帕洛阿尔托的研发办公室，并雇用数十名工程师，并直接与帕洛阿尔托办公室合作。
这是特斯拉在进入以色列电动汽车市场的大步前进的同时。据报道，这家位于加利福尼亚州的电动汽车制造商在11月注册了Tesla Motors Israel Ltd.，该公司被认为是全资进口子公司。

根据Globes的消息来源，特斯拉的以色列研发代表办公室将由以色列出生的特斯拉员工产品经理Adi Gigi领导，他获得了斯坦福大学和巴伊兰大学的学位。
尚不清楚特斯拉汽车公司希望通过其新的以色列研发办公室利用哪些特定技术，但是鉴于在该国成立的众多知名的机器视觉初创公司，这是一个潜在的关注领域。特斯拉正试图通过其自动驾驶仪系统在汽车行业中脱颖而出，而首席执行官埃隆·马斯克(Elon Musk)最近将“完全自动驾驶”定于2020年中发布。
但是，特斯拉汽车可能会从以色列的启动技术中受益的另一个领域是锂离子电池。2018年，BP Ventures向以色列初创公司StoreDot投资了2000万美元，StoreDot致力于将类金属和有机化合物的混合物替换为几乎所有锂离子电池中的石墨，以提供五分钟的EV充电时间。
如此快速的充电时间将使电动汽车在便利性方面与内燃机汽车更具竞争力，并且几乎肯定会改变游戏规则。
在下一辆Tesla Roadster或即将推出的Tesla Model Y或Tesla Cyber????truck中，我们会看到锂离子电池具有5分钟的充电时间吗?StoreDot可能还需要一两年的生产时间，而这种快速充电仍然需要克服技术上的障碍。但是，这两种特斯拉车型都可以很好地受益于以色列研发办公室提供的众多其他技术创新。"
"March 1, 2020",4.47797E+15,特斯拉汽车公司正在以色列设立一个研发办公室 以色列是高科技初创公司的温床，它生产导航软件开发商Waze(由Google收购)和驾驶员辅助系统开发商Mobileye等著名企业(由Intel收购)。决心不错过下一个数十亿美元的想法，特斯拉汽车公司正在该国建立研发办公室。 据Globes报道，目前，该办公室将专注于寻 ... 全文,1685,iPhone客户端,"{'id': 1958957737, 'screen_name': '以色列在中国', 'profile_image_url': 'https://tva4.sinaimg.cn/crop.0.0.180.180.180/74c352a9jw1e8qgp5bmzyj2050050aa8.jpg?KID=imgbed,tva&Expires=1583195668&ssig=tdRqHA91Rg', 'profile_url': 'https://m.weibo.cn/u/1958957737?uid=1958957737&luicode=10000011&lfid=100103type%3D1%26q%3DGoogle', 'statuses_count': 9016, 'verified': True, 'verified_type': 1, 'verified_type_ext': 0, 'verified_reason': '以色列外交部驻中国上海领事馆官方微博', 'close_blue_v': False, 'description': '以色列在中国华东的窗口，介绍以色列各方面最新的文化与资讯，并发布以色列与上海、江苏、浙江、安徽、江西的方方面面的交流信息。', 'gender': 'm', 'mbtype': 0, 'urank': 35, 'mbrank': 0, 'follow_me': False, 'following': False, 'followers_count': 113152, 'follow_count': 435, 'cover_image_phone': 'https://tva1.sinaimg.cn/crop.0.0.640.640.640/549d0121tw1egm1kjly3jj20hs0hsq4f.jpg', 'avatar_hd': 'https://ww4.sinaimg.cn/orj480/74c352a9jw1e8qgp5bmzyj2050050aa8.jpg', 'like': False, 'like_me': False, 'badge': {'dzwbqlx_2016': 1, 'follow_whitelist_video': 1, 'user_name_certificate': 1, 'hongbao_2020': 2, 'feiyan_2020': 1}}",TRUE,以色列在中国,1,以色列在中国华东的窗口，介绍以色列各方面最新的文化与资讯，并发布以色列与上海、江苏、浙江、安徽、江西的方方面面的交流信息。,IwIqv2gLo,"特斯拉汽车公司正在以色列设立一个研发办公室 

以色列是高科技初创公司的温床，它生产导航软件开发商Waze(由Google收购)和驾驶员辅助系统开发商Mobileye等著名企业(由Intel收购)。决心不错过下一个数十亿美元的想法，特斯拉汽车公司正在该国建立研发办公室。

据Globes报道，目前，该办公室将专注于寻找本地初创公司和技术，以帮助加强特斯拉的未来产品，代表该汽车制造商与以色列公司进行对话和信息交换。但是，将来该办公室可能会发展成更像特斯拉位于加利福尼亚州帕洛阿尔托的研发办公室，并雇用数十名工程师，并直接与帕洛阿尔托办公室合作。
这是特斯拉在进入以色列电动汽车市场的大步前进的同时。据报道，这家位于加利福尼亚州的电动汽车制造商在11月注册了Tesla Motors Israel Ltd.，该公司被认为是全资进口子公司。

根据Globes的消息来源，特斯拉的以色列研发代表办公室将由以色列出生的特斯拉员工产品经理Adi Gigi领导，他获得了斯坦福大学和巴伊兰大学的学位。
尚不清楚特斯拉汽车公司希望通过其新的以色列研发办公室利用哪些特定技术，但是鉴于在该国成立的众多知名的机器视觉初创公司，这是一个潜在的关注领域。特斯拉正试图通过其自动驾驶仪系统在汽车行业中脱颖而出，而首席执行官埃隆·马斯克(Elon Musk)最近将“完全自动驾驶”定于2020年中发布。
但是，特斯拉汽车可能会从以色列的启动技术中受益的另一个领域是锂离子电池。2018年，BP Ventures向以色列初创公司StoreDot投资了2000万美元，StoreDot致力于将类金属和有机化合物的混合物替换为几乎所有锂离子电池中的石墨，以提供五分钟的EV充电时间。
如此快速的充电时间将使电动汽车在便利性方面与内燃机汽车更具竞争力，并且几乎肯定会改变游戏规则。
在下一辆Tesla Roadster或即将推出的Tesla Model Y或Tesla Cyber????truck中，我们会看到锂离子电池具有5分钟的充电时间吗?StoreDot可能还需要一两年的生产时间，而这种快速充电仍然需要克服技术上的障碍。但是，这两种特斯拉车型都可以很好地受益于以色列研发办公室提供的众多其他技术创新。"
"February 27, 2020",4.47667E+15,旅行者在家都在搜索哪些目的地？大数据告诉你， #马丘比丘# 是全球第二大Google搜索地标，以每月120万次的搜索量，获得“最爱地标”称号。 中国朋友们，等疫情结束后，欢迎来马丘比丘！ 秘鲁旅行超话 #探索秘鲁#,201,秘鲁旅行超话,"{'id': 6520069857, 'screen_name': '秘鲁旅游局', 'profile_image_url': 'https://tvax3.sinaimg.cn/crop.0.0.640.640.180/0077fy13ly8fqd4q82pgoj30hs0hs0td.jpg?KID=imgbed,tva&Expires=1583195763&ssig=nsPN0Axb9H', 'profile_url': 'https://m.weibo.cn/u/6520069857?uid=6520069857&luicode=10000011&lfid=100103type%3D1%26q%3DGoogle', 'statuses_count': 1232, 'verified': True, 'verified_type': 1, 'verified_type_ext': 0, 'verified_reason': '秘鲁旅游局官方微博', 'close_blue_v': False, 'description': '秘鲁旅游局官方微博', 'gender': 'f', 'mbtype': 2, 'urank': 23, 'mbrank': 2, 'follow_me': False, 'following': False, 'followers_count': 16926, 'follow_count': 136, 'cover_image_phone': 'https://wx1.sinaimg.cn/crop.0.0.640.640.640/0077fy13ly1fusx5ujregj30e80e8q4t.jpg', 'avatar_hd': 'https://wx3.sinaimg.cn/orj480/0077fy13ly8fqd4q82pgoj30hs0hs0td.jpg', 'like': False, 'like_me': False, 'badge': {'user_name_certificate': 1, 'super_star_2018': 1, 'worldcup_2018': 34, 'dailv_2018': 1, 'hongbaofei_2019': 1, 'hongrenjie_2019': 1, 'dailv_2019': 1, 'dzwbqlx_2019': 1, 'hongbao_2020': 2}}",TRUE,秘鲁旅游局,1,秘鲁旅游局官方微博,,IwasppMPb
"February 22, 2020",4.47483E+15,【聆听花开永昼心】 经过漫游客家庄后，马上映入眼帘的就是这一颗白色光感的球体，「聆听花开永昼心」结合了光影以及现场的声音效果，打造出充满生机与节奏感的动态之美。远看以及近距离欣赏，都将带来不同的感动，值得细细品味。 - ??google导航： 后里马场 ??询问疫情、防疫资讯，免付费专线 192 ... 全文,431,微博 weibo.com,"{'id': 2166803694, 'screen_name': '大玩台中', 'profile_image_url': 'https://tvax3.sinaimg.cn/crop.0.0.951.951.180/8126cceely8fh90ipriovj20qf0qfmya.jpg?KID=imgbed,tva&Expires=1583195920&ssig=WejixEcbTn', 'profile_url': 'https://m.weibo.cn/u/2166803694?uid=2166803694&luicode=10000011&lfid=100103type%3D1%26q%3DGoogle', 'statuses_count': 2086, 'verified': True, 'verified_type': 1, 'verified_type_ext': 0, 'verified_reason': '台中市观光旅游局官方微博', 'close_blue_v': False, 'description': '臺中市具有特色及多樣化的休閒空間，舒適宜人，擁有完善的生活機能且兼具都會與鄉村特性，品嚐美食、文化欣賞與流行創意的商業型態聞名遐邇，歡迎民眾前來臺中做客。', 'gender': 'f', 'mbtype': 0, 'urank': 14, 'mbrank': 0, 'follow_me': False, 'following': False, 'followers_count': 47875, 'follow_count': 78, 'cover_image_phone': 'https://tva1.sinaimg.cn/crop.0.0.640.640.640/549d0121tw1egm1kjly3jj20hs0hsq4f.jpg', 'avatar_hd': 'https://wx3.sinaimg.cn/orj480/8126cceely8fh90ipriovj20qf0qfmya.jpg', 'like': False, 'like_me': False, 'badge': {'follow_whitelist_video': 1, 'user_name_certificate': 1, 'wusi_2019': 1, 'hongrenjie_2019': 1, 'dzwbqlx_2019': 1}}",TRUE,大玩台中,1,臺中市具有特色及多樣化的休閒空間，舒適宜人，擁有完善的生活機能且兼具都會與鄉村特性，品嚐美食、文化欣賞與流行創意的商業型態聞名遐邇，歡迎民眾前來臺中做客。,IvoCmEgX6,"【聆听花开永昼心】
经过漫游客家庄后，马上映入眼帘的就是这一颗白色光感的球体，「聆听花开永昼心」结合了光影以及现场的声音效果，打造出充满生机与节奏感的动态之美。远看以及近距离欣赏，都将带来不同的感动，值得细细品味。
-
??google导航： 后里马场
??询问疫情、防疫资讯，免付费专线 1922
??主展区：台中后里花博园区
??副展区：台中文心森林公园
??日期：即日起～2/23
??灯会资讯： http://t.cn/AiDjRrjo
#2020台湾灯会在台中#  #璀璨台中#"
"February 21, 2020",4.47447E+15,森林园区裡头，出现来自世界各地的特色花灯，包含青森县平川市的睡魔花灯、山口市经典的七夕红灯笼以及许多由国外城市特点打造的城市花灯。逛花灯的同时，可以顺道认识各地城市的特色喔！ - ??google导航： 后里马场 ??询问疫情、防疫资讯，免付费专线 1922 ??主展区：台中后里花博园区 ??副展 ... 全文,392,微博 weibo.com,"{'id': 2166803694, 'screen_name': '大玩台中', 'profile_image_url': 'https://tvax3.sinaimg.cn/crop.0.0.951.951.180/8126cceely8fh90ipriovj20qf0qfmya.jpg?KID=imgbed,tva&Expires=1583195983&ssig=QV1HS3B8i2', 'profile_url': 'https://m.weibo.cn/u/2166803694?uid=2166803694&luicode=10000011&lfid=100103type%3D1%26q%3DGoogle', 'statuses_count': 2086, 'verified': True, 'verified_type': 1, 'verified_type_ext': 0, 'verified_reason': '台中市观光旅游局官方微博', 'close_blue_v': False, 'description': '臺中市具有特色及多樣化的休閒空間，舒適宜人，擁有完善的生活機能且兼具都會與鄉村特性，品嚐美食、文化欣賞與流行創意的商業型態聞名遐邇，歡迎民眾前來臺中做客。', 'gender': 'f', 'mbtype': 0, 'urank': 14, 'mbrank': 0, 'follow_me': False, 'following': False, 'followers_count': 47875, 'follow_count': 75, 'cover_image_phone': 'https://tva1.sinaimg.cn/crop.0.0.640.640.640/549d0121tw1egm1kjly3jj20hs0hsq4f.jpg', 'avatar_hd': 'https://wx3.sinaimg.cn/orj480/8126cceely8fh90ipriovj20qf0qfmya.jpg', 'like': False, 'like_me': False, 'badge': {'follow_whitelist_video': 1, 'user_name_certificate': 1, 'wusi_2019': 1, 'hongrenjie_2019': 1, 'dzwbqlx_2019': 1}}",TRUE,大玩台中,1,臺中市具有特色及多樣化的休閒空間，舒適宜人，擁有完善的生活機能且兼具都會與鄉村特性，品嚐美食、文化欣賞與流行創意的商業型態聞名遐邇，歡迎民眾前來臺中做客。,IvfbS5KSW,
"February 21, 2020",4.47439E+15,"#【悦】读【视】界# #四六级成绩# &quot;My girlfriend is like Google.&quot; &quot;Because she knows everything?&quot; &quot;No,she has everything I'm searching for.&quot; -我女朋友就像谷歌一样 -因为她知道所有事情? -不是，因为我想要找的，在她身上都有。 ——苏锡常镇二模英语听力第五题 祝小可爱们四六级都能稳 ... 全文",299,sxu山西大学超话,"{'id': 2286483065, 'screen_name': '山西大学微博协会', 'profile_image_url': 'https://tva4.sinaimg.cn/crop.0.0.720.720.180/8848f679jw8ev8rdv3g5pj20k00k0jth.jpg?KID=imgbed,tva&Expires=1583195983&ssig=wa0GUbgq6j', 'profile_url': 'https://m.weibo.cn/u/2286483065?uid=2286483065&luicode=10000011&lfid=100103type%3D1%26q%3DGoogle', 'statuses_count': 19739, 'verified': True, 'verified_type': 1, 'verified_type_ext': 0, 'verified_reason': '山西大学微博协会官方微博', 'close_blue_v': False, 'description': '山西大学微博协会官方微博，非山西大学官方微博。', 'gender': 'f', 'mbtype': 12, 'urank': 48, 'mbrank': 6, 'follow_me': False, 'following': False, 'followers_count': 180173, 'follow_count': 568, 'cover_image_phone': 'https://wx1.sinaimg.cn/crop.0.0.640.640.640/8848f679ly1g1f12sxo0rj20u00u0n5l.jpg', 'avatar_hd': 'https://ww4.sinaimg.cn/orj480/8848f679jw8ev8rdv3g5pj20k00k0jth.jpg', 'like': False, 'like_me': False, 'badge': {'enterprise': 1, 'gongyi': 1, 'gongyi_level': 1, 'bind_taobao': 1, 'zongyiji': 1, 'dzwbqlx_2016': 1, 'follow_whitelist_video': 1, 'panda': 1, 'user_name_certificate': 1, 'wenchuan_10th': 1, 'qixi_2018': 1, 'lol_s8': 1, 'national_day_2018': 1, 'memorial_2018': 1, 'denglong_2019': 1, 'fu_2019': 1, 'suishoupai_2019': 1, 'wusi_2019': 1, 'hongrenjie_2019': 1, 'china_2019': 1, 'hongkong_2019': 1, 'gongjiri_2019': 1, 'macao_2019': 1, 'china_2019_2': 1, 'hongbao_2020': 2, 'feiyan_2020': 1}}",TRUE,山西大学微博协会,1,山西大学微博协会官方微博，非山西大学官方微博。,IvdfY5YVw,
"February 1, 2020",4.46724E+15,大理州政务服务网上办事指引（PC端） PC端使用云南政务服务网时，建议安装Google Chrome浏览器。 1.通过互联网登录云南政务服务网（网址： 网页链接 ）...... 大理州政务服务网上办事指引（PC端）,190,360安全浏览器,"{'id': 3181311563, 'screen_name': '问政大理', 'profile_image_url': 'https://tva3.sinaimg.cn/crop.0.0.180.180.180/bd9ef64bjw1e8qgp5bmzyj2050050aa8.jpg?KID=imgbed,tva&Expires=1583196424&ssig=Kh2rZMSJEe', 'profile_url': 'https://m.weibo.cn/u/3181311563?uid=3181311563&luicode=10000011&lfid=100103type%3D1%26q%3DGoogle', 'statuses_count': 4797, 'verified': True, 'verified_type': 1, 'verified_type_ext': 0, 'verified_reason': '大理白族自治州政务服务管理局', 'close_blue_v': False, 'description': '问政大理是大理白族自治州人民政府问政于民、问计于民、问需于民的工作专用微博，主要功能是“解民困、集民意、汇民智”。【友情提示】 本微博是大理州人民政府政务服务管理局官方微博，对广大博友的发言将及时予以回应。 紧急事项，请拔以下电话。有事找政府，请拨12345； 森林火灾报警电话12119；高速公路报警电话 96122；旅游投诉电话 96927；法律援助服务热线 12348；出租车服务投诉 3152800。', 'gender': 'm', 'mbtype': 0, 'urank': 33, 'mbrank': 0, 'follow_me': False, 'following': False, 'followers_count': 118365, 'follow_count': 233, 'cover_image_phone': 'https://tva1.sinaimg.cn/crop.0.0.640.640.640/549d0121tw1egm1kjly3jj20hs0hsq4f.jpg', 'avatar_hd': 'https://ww3.sinaimg.cn/orj480/bd9ef64bjw1e8qgp5bmzyj2050050aa8.jpg', 'like': False, 'like_me': False, 'badge': {'dzwbqlx_2016': 1, 'follow_whitelist_video': 1, 'user_name_certificate': 1, 'feiyan_2020': 1}}",TRUE,问政大理,1,问政大理是大理白族自治州人民政府问政于民、问计于民、问需于民的工作专用微博，主要功能是“解民困、集民意、汇民智”。【友情提示】 本微博是大理州人民政府政务服务管理局官方微博，对广大博友的发言将及时予以回应。 紧急事项，请拔以下电话。有事找政府，请拨12345； 森林火灾报警电话12119；高速公路报警电话 96122；旅游投诉电话 96927；法律援助服务热线 12348；出租车服务投诉 3152800。,Isdfspnwz,
"January 24, 2020",4.46431E+15,留学瑞典团队祝小伙伴们春节快乐！新的一年offer多多！ 在瑞典的同学，可以关注瑞典公共健康署持续更新的对于武汉新型冠状病毒的官方信息，目前为止该病毒被携带进入瑞典的几率处于极低状态。 网页链接 （可以用google translate看这个页面）,236,微博 weibo.com,"{'id': 2339590045, 'screen_name': '留学瑞典', 'profile_image_url': 'https://tvax2.sinaimg.cn/crop.0.0.417.417.180/8b734f9dly8g5shimq3x7j20bm0bmt9u.jpg?KID=imgbed,tva&Expires=1583196675&ssig=fiVx2bMhYY', 'profile_url': 'https://m.weibo.cn/u/2339590045?uid=2339590045&luicode=10000011&lfid=100103type%3D1%26q%3DGoogle', 'statuses_count': 4224, 'verified': True, 'verified_type': 1, 'verified_type_ext': 0, 'verified_reason': '瑞典对外交流委员会留学瑞典官方微博', 'close_blue_v': False, 'description': '留学微博由瑞典对外交流委员会所运营和维护，为对瑞典留学的朋友提供最新最全面的中文官方信息。 《行为准则》 欢迎评论留学瑞典微博上的内容。请按照以下规则把讨论维护在严肃和包容的范围内。 以下情况将不被容许： 1.粗话 2.商业信息或垃圾邮件 3.威胁，骚扰，人身攻击，诽谤，八卦和谎言 4.链接到上述情况的材料 5.冒充他人，例如，使用别人的名字，或在讨论中假装几个身份。 我们根据瑞典网络论坛系统法案（BBS）提供和监控评论功能。该法案要求瑞典队外交流委员会必须持续删除包含煽动言语、仇恨言论、儿童色情、暴力描述或侵犯版权的材料的帖子。在瑞典，仇恨言论意味着基于种族、肤色、民族/种族、信仰或性取向威胁或侮辱一群人。任何发布违反法律的人都可能要承担个人责任。 ??链接可用于提供帖子的其他信息或来源参考，但不允许纯链接发布。 ??关于审核的观点请不要写在评论中，应通过电子邮件发送给相关的编辑人员。 ??违反任何这些规则的评论将会被删除。持续违反这些规则的评论者可能会被拦截。 ??请记住，您撰写的帖子是公开的，可能会吸引大量观众。您的帖子也可能被瑞典对外交流委员会用于内部跟进或改善目的。', 'gender': 'f', 'mbtype': 2, 'urank': 43, 'mbrank': 6, 'follow_me': False, 'following': False, 'followers_count': 25219, 'follow_count': 141, 'cover_image_phone': 'https://wx1.sinaimg.cn/crop.0.0.640.640.640/8b734f9dgy1fjw6sp7d4cj20ku0ktdiu.jpg', 'avatar_hd': 'https://wx2.sinaimg.cn/orj480/8b734f9dly8g5shimq3x7j20bm0bmt9u.jpg', 'like': False, 'like_me': False, 'badge': {'dzwbqlx_2016': 1, 'follow_whitelist_video': 1, 'travel_2017': 1, 'user_name_certificate': 1, 'dailv_2018': 1, 'dzwbqlx_2019': 1, 'hongbao_2020': 2, 'feiyan_2020': 1}}",TRUE,留学瑞典,1,留学微博由瑞典对外交流委员会所运营和维护，为对瑞典留学的朋友提供最新最全面的中文官方信息。 《行为准则》 欢迎评论留学瑞典微博上的内容。请按照以下规则把讨论维护在严肃和包容的范围内。 以下情况将不被容许： 1.粗话 2.商业信息或垃圾邮件 3.威胁，骚扰，人身攻击，诽谤，八卦和谎言 4.链接到上述情况的材料 5.冒充他人，例如，使用别人的名字，或在讨论中假装几个身份。 我们根据瑞典网络论坛系统法案（BBS）提供和监控评论功能。该法案要求瑞典队外交流委员会必须持续删除包含煽动言语、仇恨言论、儿童色情、暴力描述或侵犯版权的材料的帖子。在瑞典，仇恨言论意味着基于种族、肤色、民族/种族、信仰或性取向威胁或侮辱一群人。任何发布违反法律的人都可能要承担个人责任。 ??链接可用于提供帖子的其他信息或来源参考，但不允许纯链接发布。 ??关于审核的观点请不要写在评论中，应通过电子邮件发送给相关的编辑人员。 ??违反任何这些规则的评论将会被删除。持续违反这些规则的评论者可能会被拦截。 ??请记住，您撰写的帖子是公开的，可能会吸引大量观众。您的帖子也可能被瑞典对外交流委员会用于内部跟进或改善目的。,IqZ1N6kXZ,
"December 21, 2019",4.45193E+15,【 #谷歌被罚款1.67亿美元# 】法国反垄断机构今日对谷歌处以1.5亿欧元（约合1.67亿美元）的罚款，原因是谷歌存在不公平竞争行为，另外其广告服务Google Ads页面上的广告也含糊不清。,181,,"{'id': 2590508280, 'screen_name': '北京市石景山', 'profile_image_url': 'https://tvax3.sinaimg.cn/crop.0.0.750.750.180/9a6804f8ly8gaj5dpkjvkj20ku0kudgr.jpg?KID=imgbed,tva&Expires=1583197463&ssig=kASBwQbiY7', 'profile_url': 'https://m.weibo.cn/u/2590508280?uid=2590508280&luicode=10000011&lfid=100103type%3D1%26q%3DGoogle', 'statuses_count': 27698, 'verified': True, 'verified_type': 1, 'verified_type_ext': 0, 'verified_reason': '北京市石景山区政府官方微博', 'close_blue_v': False, 'description': '大家好，这里是北京市石景山区官方政务微博，传递新闻信息，提供生活、服务资讯，真诚期待您的关注。便民热线：68812345.', 'gender': 'm', 'mbtype': 12, 'urank': 46, 'mbrank': 3, 'follow_me': False, 'following': False, 'followers_count': 442634, 'follow_count': 219, 'cover_image_phone': 'https://tva2.sinaimg.cn/crop.0.0.640.640.640/a1d3feabjw1ecasunmkncj20hs0hsq4j.jpg', 'avatar_hd': 'https://wx3.sinaimg.cn/orj480/9a6804f8ly8gaj5dpkjvkj20ku0kudgr.jpg', 'like': False, 'like_me': False, 'badge': {'enterprise': 1, 'dzwbqlx_2016': 1, 'follow_whitelist_video': 1, 'user_name_certificate': 1, 'dailv_2018': 3, 'national_day_2018': 1, 'memorial_2018': 1, 'fu_2019': 1, 'suishoupai_2019': 1, 'wusi_2019': 1, 'china_2019': 1, 'gongjiri_2019': 1, 'macao_2019': 1, 'china_2019_2': 1, 'hongbao_2020': 2, 'feiyan_2020': 1}}",TRUE,北京市石景山,1,大家好，这里是北京市石景山区官方政务微博，传递新闻信息，提供生活、服务资讯，真诚期待您的关注。便民热线：68812345.,IlN1DAFQd,
"December 12, 2019",4.44878E+15,【Google 2019年度视频：平凡生活的英雄梦想】又到一年年末，Google发布了2019年年度视频《Year in Search 2019》。今年的主题，是“英雄”。越是在这个充满不确定性的时代，我们越是需要英雄。而值得歌颂的英雄，绝不仅只有钢铁侠；更重要的，还有我们生活中一个个为他人着想，尽自己努力让世界更好的 ... 全文,314,微博 weibo.com,"{'id': 2014034660, 'screen_name': '乐游上海', 'profile_image_url': 'https://tvax1.sinaimg.cn/crop.330.40.553.553.180/780bbae4ly8fq58gkfdsyj20xc0xcqkm.jpg?KID=imgbed,tva&Expires=1583197589&ssig=H%2BAd8GzBtX', 'profile_url': 'https://m.weibo.cn/u/2014034660?uid=2014034660&luicode=10000011&lfid=100103type%3D1%26q%3DGoogle', 'statuses_count': 44502, 'verified': True, 'verified_type': 1, 'verified_type_ext': 0, 'verified_reason': '上海市文化和旅游局', 'close_blue_v': False, 'description': '上海市文化和旅游局', 'gender': 'f', 'mbtype': 2, 'urank': 48, 'mbrank': 3, 'follow_me': False, 'following': False, 'followers_count': 3976029, 'follow_count': 330, 'cover_image_phone': 'https://tva1.sinaimg.cn/crop.0.0.640.640.640/9d44112bjw1f1xl1c10tuj20hs0hs0tw.jpg', 'avatar_hd': 'https://wx1.sinaimg.cn/orj480/780bbae4ly8fq58gkfdsyj20xc0xcqkm.jpg', 'like': False, 'like_me': False, 'badge': {'enterprise': 1, 'dailv': 1, 'dzwbqlx_2016': 1, 'follow_whitelist_video': 1, 'travel_2017': 1, 'user_name_certificate': 1, 'suishoupai_2018': 1, 'wenchuan_10th': 1, 'dailv_2018': 1, 'qixi_2018': 1, 'memorial_2018': 1, 'suishoupai_2019': 7, 'hongrenjie_2019': 1, 'china_2019': 1, 'gongjiri_2019': 1}}",TRUE,乐游上海,1,上海市文化和旅游局,Ikt1G6ty8,
,,,,,,,,,,,
,,,,,,,,,,,
,,,,,,,,,,,
,,,,,,,,,,,
,,,,,,,,,,,
,,,,,,,,,,,
,,,,,,,,,,,
,,,,,,,,,,,
,,,,,,,,,,,
,,,,,,,,,,,
,,,,,,,,,,,
,,,,,,,,,,,
,,,,,,,,,,,
